order_id,customer_id,order_date,order_status,sales_channel,currency
500001,10226,2026-04-20,paid,store,CHF
500002,10196,2026-01-19,pending,online,CHF
500003,10025,2026-01-11,paid,store,CHF
500004,10079,2026-03-18,paid,store,CHF
500005,10068,2026-02-15,pending,online,CHF
500006,10173,2026-02-14,paid,mobile_app,CHF
500007,10188,2026-01-01,paid,online,CHF
500008,10012,2026-02-09,paid,mobile_app,CHF
500009,10032,2026-04-18,paid,online,CHF
500010,10128,2026-01-19,paid,online,CHF
500011,10096,2026-03-17,paid,store,CHF
500012,10092,2026-03-13,paid,online,CHF
500013,10141,2026-03-13,paid,mobile_app,CHF
500014,10031,2026-03-02,cancelled,store,CHF
500015,10078,2026-04-27,paid,store,CHF
500016,10020,2026-04-19,paid,online,CHF
500017,10146,2026-01-12,paid,store,CHF
500018,10221,2026-03-02,paid,store,CHF
500019,10060,2026-04-22,paid,online,CHF
500020,10191,2026-02-02,paid,mobile_app,CHF
500021,10134,2026-02-14,paid,store,CHF
500022,10160,,pending,store,CHF
500023,10093,2026-04-13,paid,store,CHF
500024,10043,2026-04-02,cancelled,mobile_app,CHF
500025,10130,2026-03-10,paid,online,CHF
500026,10060,2026-01-08,cancelled,store,CHF
500027,10151,2026-01-25,paid,online,CHF
500028,10211,2026-04-01,pending,store,CHF
500029,10031,2026-02-15,paid,online,CHF
500030,10243,2026-03-28,paid,mobile_app,CHF
500031,10005,2026-01-30,paid,online,CHF
500032,10211,2026-04-19,paid,online,CHF
500033,10162,2026-02-16,paid,store,CHF
500034,10010,2026-03-28,paid,online,CHF
500035,10089,2026-02-18,paid,online,CHF
500036,10130,2026-02-16,paid,store,CHF
500037,10126,2026-03-25,paid,online,CHF
500038,10011,2026-03-23,paid,store,CHF
500039,10178,2026-01-18,refunded,online,CHF
500040,10159,2026-03-07,PAID,store,CHF
500041,10056,2026-03-09,refunded,mobile_app,CHF
500042,10207,2026-04-04,paid,store,CHF
500043,10201,2026-02-02,pending,online,CHF
500044,10215,2026-02-05,pending,online,CHF
500045,10083,2026-03-23,paid,online,CHF
500046,10137,2026-04-11,paid,store,CHF
500047,10099,2026-01-19,paid,online,CHF
500048,10149,2026-04-21,pending,online,CHF
500049,10073,2026-01-28,paid,store,CHF
500050,10156,2026-02-09,paid,store,CHF
500051,10190,2026-03-25,paid,online,CHF
500052,10238,2026-04-23,pending,online,CHF
500053,10115,2026-04-07,pending,store,CHF
500054,10007,2026-03-17,refunded,store,CHF
500055,10080,2026-04-25,paid,store,CHF
500056,10144,2026-01-15,paid,online,CHF
500057,10097,2026-02-10,paid,online,CHF
500058,10004,2026-02-08,paid,online,CHF
500059,10004,2026-01-02,paid,mobile_app,CHF
500060,10103,2026-03-04,paid,online,CHF
500061,10040,2026-01-29,paid,store,CHF
500062,10017,2026-04-15,paid,store,CHF
500063,10101,2026-03-15,pending,store,CHF
500064,10103,2026-03-07,paid,mobile_app,CHF
500065,10124,2026-02-20,pending,online,CHF
500066,10052,2026-03-16,paid,store,CHF
500067,10221,2026-03-18,paid,store,CHF
500068,10052,2026-01-10,paid,online,CHF
500069,10164,2026-01-14,paid,online,CHF
500070,10124,2026-03-23,paid,store,CHF
500071,10166,2026-02-20,paid,mobile_app,CHF
500072,10231,2026-04-28,paid,online,CHF
500073,10178,2026-03-14,paid,store,CHF
500074,10063,2026-02-08,paid,mobile_app,CHF
500075,10229,2026-01-28,refunded,store,CHF
500076,10116,2026-01-03,cancelled,mobile_app,CHF
500077,10191,2026-03-25,cancelled,mobile_app,CHF
500078,10062,2026-03-11,paid,online,CHF
500079,10227,2026-01-27,cancelled,online,CHF
500080,10007,2026-04-27,cancelled,store,CHF
500081,10155,2026-01-02,paid,mobile_app,CHF
500082,10092,2026-04-03,refunded,online,CHF
500083,10214,2026-02-07,paid,online,CHF
500084,10014,2026-01-03,refunded,mobile_app,CHF
500085,10199,2026-01-16,pending,mobile_app,CHF
500086,10229,2026-04-04,paid,online,CHF
500087,10086,2026-02-09,paid,store,CHF
500088,10133,2026-01-02,refunded,mobile_app,CHF
500089,10183,2026-03-22,paid,online,CHF
500090,10130,2026-02-10,paid,mobile_app,CHF
500091,10062,2026-01-12,refunded,online,CHF
500092,10219,2026-02-04,paid,store,CHF
500093,10149,2026-04-17,paid,store,CHF
500094,10246,2026-03-06,paid,online,CHF
500095,10230,2026-02-24,paid,online,CHF
500096,10079,2026-02-14,paid,store,CHF
500097,10149,2026-03-20,PAID,online,CHF
500098,10138,2026-03-31,paid,store,CHF
500099,10215,2026-04-11,paid,online,CHF
500100,10058,2026-03-26,cancelled,online,CHF
500101,10120,2026-03-03,paid,store,CHF
500102,10167,2026-02-18,paid,store,CHF
500103,10133,2026-04-05,paid,store,CHF
500104,10065,2026-01-25,paid,online,CHF
500105,10013,2026-01-23,paid,store,CHF
500106,10213,2026-01-24,paid,store,CHF
500107,10218,2026-02-07,pending,mobile_app,CHF
500108,10242,2026-01-28,paid,mobile_app,CHF
500109,10237,2026-01-21,paid,online,CHF
500110,10213,2026-02-23,paid,mobile_app,CHF
500111,10181,2026-04-17,paid,store,CHF
500112,10082,2026-01-18,paid,online,CHF
500113,10229,2026-02-05,paid,online,CHF
500114,10173,2026-04-09,paid,online,CHF
500115,10160,2026-02-14,paid,store,CHF
500116,10164,2026-04-29,paid,online,CHF
500117,10209,2026-03-14,paid,store,CHF
500118,10227,2026-02-22,paid,online,CHF
500119,10241,2026-04-12,paid,store,CHF
500120,10188,2026-01-30,paid,store,CHF
500121,10139,2026-03-01,paid,store,CHF
500122,10191,2026-04-18,paid,store,CHF
500123,10149,2026-04-08,paid,online,CHF
500124,10052,2026-02-01,paid,store,CHF
500125,10183,2026-03-08,paid,mobile_app,CHF
500126,10117,2026-03-08,paid,store,CHF
500127,10026,2026-01-28,paid,store,CHF
500128,10196,2026-02-13,paid,online,CHF
500129,10034,2026-03-20,pending,store,CHF
500130,10052,2026-02-10,paid,online,CHF
500131,10112,2026-03-04,cancelled,online,CHF
500132,10082,2026-01-23,paid,store,CHF
500133,10232,2026-04-14,paid,store,CHF
500134,10227,2026-03-16,paid,store,CHF
500135,10233,2026-02-17,paid,store,CHF
500136,10221,2026-02-01,paid,store,CHF
500137,10180,2026-02-26,pending,store,CHF
500138,10157,2026-04-28,paid,store,CHF
500139,10166,2026-04-10,pending,online,CHF
500140,10042,2026-02-02,paid,online,CHF
500141,10021,2026-01-24,cancelled,online,CHF
500142,10042,2026-02-08,paid,store,CHF
500143,10141,2026-02-03,cancelled,store,CHF
500144,10113,2026-02-25,paid,mobile_app,CHF
500145,10105,2026-01-28,paid,online,CHF
500146,10192,2026-02-06,paid,mobile_app,CHF
500147,10017,2026-01-07,cancelled,store,CHF
500148,10120,2026-03-09,paid,online,CHF
500149,10137,2026-02-06,pending,online,CHF
500150,10169,2026-02-25,paid,store,CHF
500151,10129,2026-03-06,pending,online,CHF
500152,10130,2026-03-06,pending,online,CHF
500153,10060,2026-02-16,pending,store,CHF
500154,10048,2026-01-20,paid,store,CHF
500155,10029,2026-01-19,paid,online,CHF
500156,999003,2026-01-29,refunded,mobile_app,CHF
500157,10010,2026-03-15,paid,store,CHF
500158,10242,2026-03-01,paid,store,CHF
500159,10058,2026-01-18,paid,store,CHF
500160,10188,2026-04-02,paid,online,CHF
500161,10232,2026-02-04,paid,store,CHF
500162,10021,2026-02-12,paid,mobile_app,CHF
500163,10028,2026-04-21,pending,store,CHF
500164,10203,2026-04-05,paid,store,CHF
500165,10247,2026-04-01,pending,online,CHF
500166,10034,2026-01-11,paid,online,CHF
500167,10008,2026-02-18,paid,online,CHF
500168,10187,2026-04-23,paid,store,CHF
500169,10214,2026-02-07,paid,mobile_app,CHF
500170,10200,2026-03-05,pending,store,CHF
500171,10177,2026-03-10,paid,mobile_app,CHF
500172,10079,2026-01-08,paid,store,CHF
500173,10145,2026-02-03,paid,online,CHF
500174,10188,2026-02-17,paid,online,CHF
500175,10087,2026-04-26,paid,store,CHF
500176,10088,2026-02-25,paid,mobile_app,CHF
500177,10173,2026-03-17,paid,store,CHF
500178,10211,2026-04-12,pending,store,CHF
500179,10069,2026-03-06,paid,online,CHF
500180,10160,2026-01-31,paid,store,CHF
500181,10172,2026-01-04,paid,online,CHF
500182,10193,2026-04-23,cancelled,store,CHF
500183,10087,2026-04-19,paid,store,CHF
500184,10101,2026-02-19,paid,store,CHF
500185,10008,2026-03-10,PAID,store,CHF
500186,10077,2026-01-30,refunded,online,CHF
500187,10200,2026-04-30,paid,online,CHF
500188,10249,2026-03-29,cancelled,mobile_app,CHF
500189,10087,2026-02-28,paid,online,CHF
500190,10043,2026-03-08,paid,store,CHF
500191,10129,2026-03-16,cancelled,store,CHF
500192,10109,2026-02-14,paid,store,CHF
500193,10179,2026-01-04,pending,store,CHF
500194,10152,2026-01-26,pending,online,CHF
500195,10227,2026-01-27,pending,store,CHF
500196,10152,2026-02-15,paid,store,CHF
500197,10017,2026-04-28,cancelled,mobile_app,CHF
500198,10133,2026-04-17,paid,online,CHF
500199,10148,2026-03-05,pending,store,CHF
500200,10021,2026-04-01,paid,store,CHF
500201,10232,2026-04-16,pending,store,CHF
500202,10058,2026-02-20,paid,mobile_app,CHF
500203,10159,2026-02-19,paid,store,CHF
500204,10110,2026-01-06,paid,store,CHF
500205,10228,2026-02-28,cancelled,store,CHF
500206,10139,2026-01-15,paid,online,CHF
500207,10180,2026-04-27,paid,store,CHF
500208,10143,2026-01-30,cancelled,online,CHF
500209,10211,2026-02-11,paid,online,CHF
500210,10135,2026-04-11,paid,online,CHF
500211,10243,2026-02-06,paid,store,CHF
500212,10028,2026-02-11,paid,online,CHF
500213,10051,2026-04-11,paid,online,CHF
500214,10235,2026-02-04,paid,store,CHF
500215,10186,2026-03-28,paid,online,CHF
500216,10005,2026-01-06,paid,store,CHF
500217,10005,2026-03-09,paid,store,CHF
500218,10094,2026-01-18,paid,online,CHF
500219,10246,2026-03-14,paid,store,CHF
500220,10096,2026-04-23,pending,online,CHF
500221,10008,2026-01-29,paid,store,CHF
500222,10064,2026-03-18,paid,mobile_app,CHF
500223,10138,2026-02-28,cancelled,mobile_app,CHF
500224,10038,2026-02-16,refunded,mobile_app,CHF
500225,10111,2026-04-26,cancelled,store,CHF
500226,10224,2026-01-17,cancelled,store,CHF
500227,10112,2026-04-19,pending,online,CHF
500228,10220,2026-04-06,paid,store,CHF
500229,10081,2026-04-22,pending,store,CHF
500230,10223,2026-01-22,paid,online,CHF
500231,10136,2026-03-09,pending,online,CHF
500232,10104,2026-03-10,paid,mobile_app,CHF
500233,10153,2026-02-06,paid,store,CHF
500234,10073,2026-04-15,paid,store,CHF
500235,10194,2026-02-18,cancelled,store,CHF
500236,10207,2026-01-13,paid,mobile_app,CHF
500237,10178,2026-02-03,pending,online,CHF
500238,10195,2026-04-19,pending,online,CHF
500239,10049,2026-03-27,paid,mobile_app,CHF
500240,10036,2026-02-22,pending,online,CHF
500241,10126,2026-03-28,cancelled,online,CHF
500242,10068,2026-02-20,paid,store,CHF
500243,10078,2026-01-03,paid,online,CHF
500244,10105,2026-02-11,paid,online,CHF
500245,10169,2026-04-08,paid,online,CHF
500246,10217,2026-02-01,paid,mobile_app,CHF
500247,10122,2026-04-19,pending,mobile_app,CHF
500248,10119,2026-02-20,paid,online,CHF
500249,10190,2026-04-23,pending,online,CHF
500250,10114,2026-03-26,paid,online,CHF
500251,10010,2026-02-15,paid,store,CHF
500252,10149,2026-04-18,cancelled,store,CHF
500253,10164,2026-01-21,pending,online,CHF
500254,10140,2026-02-13,paid,online,CHF
500255,10091,2026-01-11,paid,store,CHF
500256,10232,2026-04-13,paid,mobile_app,CHF
500257,10002,2026-03-09,paid,store,CHF
500258,10118,2026-04-25,paid,store,CHF
500259,10013,2026-01-01,paid,online,CHF
500260,10181,2026-04-02,paid,store,CHF
500261,10160,2026-03-04,cancelled,store,CHF
500262,10095,2026-01-24,paid,store,CHF
500263,10144,2026-04-09,paid,online,CHF
500264,10032,2026-01-13,paid,store,CHF
500265,10032,2026-04-21,cancelled,online,CHF
500266,10124,2026-04-08,pending,online,CHF
500267,10226,2026-01-11,paid,store,CHF
500268,10011,2026-04-10,cancelled,mobile_app,CHF
500269,10010,2026-02-20,paid,store,CHF
500270,10015,2026-01-17,paid,mobile_app,CHF
500271,10017,2026-04-09,paid,online,CHF
500272,10168,2026-03-23,paid,mobile_app,CHF
500273,10146,2026-04-14,cancelled,store,CHF
500274,10183,2026-03-27,pending,online,CHF
500275,10201,2026-01-24,paid,store,CHF
500276,10153,2026-01-19,paid,store,CHF
500277,10232,2026-02-06,paid,online,CHF
500278,10059,2026-04-13,paid,store,CHF
500279,10078,2026-03-26,paid,online,CHF
500280,10124,2026-01-08,paid,store,CHF
500281,10250,2026-01-28,paid,store,CHF
500282,10217,2026-01-05,paid,online,CHF
500283,10114,2026-01-17,paid,store,CHF
500284,10022,2026-04-11,paid,online,CHF
500285,10244,2026-02-05,cancelled,online,CHF
500286,10158,2026-04-28,paid,online,CHF
500287,10212,2026-01-19,refunded,store,CHF
500288,10213,2026-03-05,paid,online,CHF
500289,10172,2026-04-01,cancelled,mobile_app,CHF
500290,10032,2026-04-27,pending,online,CHF
500291,10179,2026-04-08,paid,online,CHF
500292,10174,2026-01-11,paid,online,CHF
500293,10113,2026-02-23,cancelled,online,CHF
500294,10120,2026-02-14,paid,online,CHF
500295,10149,2026-02-16,paid,store,CHF
500296,10227,2026-01-12,paid,store,CHF
500297,10122,2026-04-28,paid,online,CHF
500298,10032,2026-01-21,paid,store,CHF
500299,10222,2026-04-28,refunded,online,CHF
500300,10119,2026-01-11,paid,store,CHF
500301,10039,2026-04-13,paid,online,CHF
500302,10241,2026-04-02,pending,store,CHF
500303,10012,2026-01-05,paid,store,CHF
500304,10233,2026-03-22,refunded,mobile_app,CHF
500305,10175,2026-02-25,paid,mobile_app,CHF
500306,10018,2026-01-20,paid,online,CHF
500307,10149,2026-02-10,cancelled,online,CHF
500308,10141,2026-02-15,paid,online,CHF
500309,10149,2026-01-12,cancelled,online,CHF
500310,10126,2026-03-11,refunded,online,CHF
500311,10136,2026-01-17,cancelled,store,CHF
500312,10046,2026-04-25,paid,online,CHF
500313,10104,2026-01-19,pending,online,CHF
500314,10238,2026-01-26,paid,mobile_app,CHF
500315,10135,2026-02-17,paid,store,CHF
500316,10151,2026-04-18,pending,online,CHF
500317,10236,2026-04-18,paid,online,CHF
500318,10224,2026-02-21,paid,store,CHF
500319,10203,2026-04-06,pending,store,CHF
500320,10086,2026-03-11,cancelled,store,CHF
500321,10150,2026-02-24,paid,store,CHF
500322,10235,2026-04-10,cancelled,store,CHF
500323,10089,2026-04-12,paid,online,CHF
500324,10022,2026-03-16,pending,online,CHF
500325,10092,2026-02-02,paid,online,CHF
500326,10029,2026-03-03,paid,mobile_app,CHF
500327,10013,2026-03-29,paid,store,CHF
500328,10210,2026-01-23,paid,store,CHF
500329,10002,2026-01-15,paid,online,CHF
500330,10029,2026-01-27,pending,store,CHF
500331,10213,2026-03-16,paid,store,CHF
500332,10207,2026-03-05,paid,store,CHF
500333,10180,2026-04-25,paid,store,CHF
500334,10027,2026-04-24,paid,online,CHF
500335,10050,2026-03-22,paid,store,CHF
500336,10095,2026-02-20,paid,online,CHF
500337,10207,2026-02-22,paid,store,CHF
500338,10243,2026-03-19,paid,online,CHF
500339,10151,2026-04-01,paid,store,CHF
500340,10088,2026-03-23,paid,online,CHF
500341,10044,2026-04-02,paid,store,CHF
500342,10205,2026-02-20,cancelled,store,CHF
500343,10022,2026-02-16,pending,online,CHF
500344,10171,2026-04-21,paid,store,CHF
500345,10165,2026-01-04,refunded,store,CHF
500346,10189,2026-01-07,paid,store,CHF
500347,10097,2026-04-19,paid,mobile_app,CHF
500348,10184,2026-02-04,refunded,store,CHF
500349,10003,2026-02-17,paid,online,CHF
500350,10191,2026-03-14,refunded,store,CHF
500351,10118,2026-03-13,paid,store,CHF
500352,10019,2026-04-26,paid,store,CHF
500353,10023,2026-02-14,paid,mobile_app,CHF
500354,10157,2026-03-22,cancelled,store,CHF
500355,10030,2026-03-22,paid,store,CHF
500356,10039,2026-04-23,paid,store,CHF
500357,10108,2026-04-07,paid,store,CHF
500358,10111,2026-04-06,paid,store,CHF
500359,10025,2026-03-13,paid,online,CHF
500360,10128,2026-01-19,paid,store,CHF
500361,10229,2026-03-04,pending,store,CHF
500362,999004,2026-02-07,paid,online,CHF
500363,10136,2026-03-08,pending,store,CHF
500364,10106,2026-02-28,pending,store,CHF
500365,10186,2026-03-10,PAID,store,CHF
500366,10144,2026-01-13,paid,online,CHF
500367,10072,2026-02-16,paid,store,CHF
500368,10129,2026-04-20,paid,online,CHF
500369,10108,2026-03-02,paid,store,CHF
500370,10005,,paid,online,CHF
500371,10003,2026-04-29,paid,store,CHF
500372,10193,2026-03-21,paid,online,CHF
500373,10132,2026-04-24,paid,online,CHF
500374,10104,2026-04-06,paid,online,CHF
500375,10227,2026-01-22,paid,store,CHF
500376,10224,2026-04-03,cancelled,store,CHF
500377,10064,2026-03-27,paid,store,CHF
500378,10106,2026-02-12,paid,store,CHF
500379,10098,2026-03-08,paid,store,CHF
500380,10235,2026-02-23,paid,online,CHF
500381,10217,2026-01-10,paid,store,CHF
500382,10010,2026-02-11,paid,store,CHF
500383,10149,2026-03-05,paid,online,CHF
500384,10128,2026-01-21,paid,online,CHF
500385,10046,2026-03-21,paid,store,CHF
500386,10231,2026-03-17,paid,online,CHF
500387,10219,2026-03-07,paid,store,CHF
500388,10155,2026-02-10,cancelled,online,CHF
500389,10066,2026-01-24,pending,online,CHF
500390,10169,2026-02-04,paid,online,CHF
500391,10112,2026-02-25,cancelled,online,CHF
500392,10013,2026-01-30,paid,store,CHF
500393,10137,2026-02-26,paid,store,CHF
500394,10244,2026-04-04,paid,online,CHF
500395,10164,2026-02-16,paid,store,CHF
500396,10086,2026-02-04,paid,mobile_app,CHF
500397,10234,2026-01-19,paid,store,CHF
500398,10090,2026-04-24,paid,store,CHF
500399,10058,2026-01-08,pending,store,CHF
500400,10054,2026-01-26,pending,store,CHF
500401,10012,2026-04-23,cancelled,online,CHF
500402,10209,2026-04-14,cancelled,online,CHF
500403,10206,2026-03-12,paid,online,CHF
500404,10014,2026-01-30,paid,online,CHF
500405,10121,2026-01-07,paid,mobile_app,CHF
500406,10162,2026-03-08,paid,online,CHF
500407,10181,2026-03-06,paid,store,CHF
500408,10121,2026-02-05,refunded,online,CHF
500409,10020,2026-01-25,paid,store,CHF
500410,10075,2026-02-06,paid,store,CHF
500411,10144,2026-01-01,paid,online,CHF
500412,10243,2026-01-15,paid,store,CHF
500413,10223,2026-02-06,cancelled,store,CHF
500414,10247,2026-01-13,paid,store,CHF
500415,10070,2026-04-14,paid,store,CHF
500416,10056,2026-01-08,pending,mobile_app,CHF
500417,10211,2026-01-05,paid,store,CHF
500418,10101,2026-03-01,paid,store,CHF
500419,10186,2026-03-14,paid,store,CHF
500420,10132,2026-01-01,pending,store,CHF
500421,10111,2026-02-05,paid,mobile_app,CHF
500422,10125,2026-02-04,cancelled,store,CHF
500423,10132,2026-03-07,pending,online,CHF
500424,10020,2026-03-04,paid,online,CHF
500425,10138,2026-04-14,refunded,mobile_app,CHF
500426,10024,2026-01-23,cancelled,online,CHF
500427,10246,2026-01-09,cancelled,online,CHF
500428,10227,2026-02-03,cancelled,store,CHF
500429,10154,2026-02-15,paid,store,CHF
500430,10037,2026-03-19,paid,store,CHF
500431,10230,2026-01-04,paid,mobile_app,CHF
500432,10213,2026-01-30,paid,store,CHF
500433,10054,2026-04-05,paid,store,CHF
500434,10232,2026-04-12,pending,store,CHF
500435,10103,2026-03-16,pending,store,CHF
500436,10149,,paid,store,CHF
500437,10202,2026-03-13,pending,mobile_app,CHF
500438,10038,2026-01-03,cancelled,store,CHF
500439,10174,2026-01-14,paid,online,CHF
500440,10004,2026-03-01,paid,online,CHF
500441,10188,2026-03-18,paid,store,CHF
500442,10057,2026-02-14,cancelled,store,CHF
500443,10173,2026-04-06,paid,store,CHF
500444,10020,2026-02-03,paid,store,CHF
500445,10017,2026-02-14,paid,online,CHF
500446,10119,2026-03-02,cancelled,store,CHF
500447,10071,2026-03-24,pending,store,CHF
500448,10004,2026-04-12,paid,online,CHF
500449,10221,2026-01-16,refunded,mobile_app,CHF
500450,10014,2026-03-07,pending,online,CHF
500451,10003,2026-02-09,pending,online,CHF
500452,10216,2026-01-17,pending,online,CHF
500453,10229,2026-04-29,pending,store,CHF
500454,999001,2026-02-03,paid,online,CHF
500455,10186,2026-04-16,paid,store,CHF
500456,10055,2026-01-16,paid,online,CHF
500457,10244,2026-04-12,paid,online,CHF
500458,10132,2026-03-01,paid,store,CHF
500459,10120,2026-03-07,paid,online,CHF
500460,10024,2026-03-07,refunded,mobile_app,CHF
500461,10162,2026-03-31,pending,store,CHF
500462,10158,2026-01-13,pending,online,CHF
500463,10082,2026-02-25,paid,store,CHF
500464,10147,2026-04-21,paid,online,CHF
500465,10159,2026-01-31,paid,online,CHF
500466,10188,2026-02-03,paid,online,CHF
500467,10060,2026-02-08,paid,mobile_app,CHF
500468,10147,2026-03-08,paid,mobile_app,CHF
500469,10049,2026-01-08,pending,online,CHF
500470,10063,2026-03-28,paid,store,CHF
500471,10110,2026-03-19,paid,mobile_app,CHF
500472,10211,2026-04-30,paid,store,CHF
500473,10150,2026-02-24,paid,mobile_app,CHF
500474,10152,2026-01-27,paid,store,CHF
500475,10109,2026-04-28,pending,store,CHF
500476,10076,2026-04-03,paid,online,CHF
500477,10030,2026-04-13,paid,store,CHF
500478,10058,2026-02-22,paid,store,CHF
500479,10230,2026-02-08,paid,store,CHF
500480,10117,2026-03-06,paid,store,CHF
500481,10159,2026-01-17,cancelled,store,CHF
500482,10100,2026-04-15,paid,store,CHF
500483,10192,2026-01-30,paid,store,CHF
500484,10019,2026-02-22,paid,store,CHF
500485,10176,2026-01-13,paid,online,CHF
500486,10173,2026-01-21,pending,store,CHF
500487,10228,2026-01-19,paid,mobile_app,CHF
500488,10094,2026-02-22,paid,mobile_app,CHF
500489,10183,2026-01-19,paid,store,CHF
500490,10113,2026-02-26,paid,online,CHF
500491,10183,2026-01-25,paid,online,CHF
500492,10225,2026-03-27,paid,mobile_app,CHF
500493,10146,2026-01-31,paid,online,CHF
500494,10063,2026-03-22,pending,store,CHF
500495,10116,2026-02-24,paid,online,CHF
500496,10113,2026-01-23,pending,online,CHF
500497,10220,2026-02-01,paid,online,CHF
500498,10047,2026-03-03,refunded,store,CHF
500499,10203,2026-03-15,pending,mobile_app,CHF
500500,10057,2026-01-10,paid,mobile_app,CHF
500501,10118,2026-04-10,pending,store,CHF
500502,10045,2026-03-13,paid,store,CHF
500503,10161,2026-02-23,pending,store,CHF
500504,10145,2026-02-21,paid,online,CHF
500505,10198,2026-01-20,paid,online,CHF
500506,10004,2026-02-01,paid,online,CHF
500507,10148,2026-04-24,refunded,store,CHF
500508,10240,2026-01-14,paid,online,CHF
500509,10047,2026-02-19,paid,store,CHF
500510,10219,2026-01-28,cancelled,online,CHF
500511,10143,2026-04-20,pending,online,CHF
500512,10198,2026-04-26,paid,mobile_app,CHF
500513,10047,2026-02-22,paid,mobile_app,CHF
500514,10078,2026-01-24,paid,mobile_app,CHF
500515,10124,2026-03-20,PAID,store,CHF
500516,10075,2026-01-22,paid,online,CHF
500517,10103,2026-01-30,refunded,online,CHF
500518,10137,2026-03-04,paid,mobile_app,CHF
500519,10090,2026-01-04,paid,store,CHF
500520,10144,2026-03-18,paid,store,CHF
500521,10069,2026-02-28,paid,store,CHF
500522,10249,2026-03-28,paid,online,CHF
500523,10244,2026-01-08,paid,store,CHF
500524,10061,2026-03-23,paid,store,CHF
500525,10138,2026-01-12,pending,store,CHF
500526,10050,2026-04-29,paid,store,CHF
500527,10003,2026-01-31,refunded,mobile_app,CHF
500528,10205,2026-03-19,pending,store,CHF
500529,10107,2026-02-03,paid,online,CHF
500530,10113,2026-03-23,pending,online,CHF
500531,10094,2026-04-30,paid,mobile_app,CHF
500532,10118,2026-04-08,paid,store,CHF
500533,10237,2026-03-16,cancelled,mobile_app,CHF
500534,10198,2026-04-15,paid,online,CHF
500535,10081,2026-03-17,paid,mobile_app,CHF
500536,10109,2026-02-18,paid,mobile_app,CHF
500537,10051,2026-03-20,paid,store,CHF
500538,10245,2026-02-26,paid,store,CHF
500539,10147,2026-04-05,pending,store,CHF
500540,10170,2026-04-23,paid,online,CHF
500541,10035,2026-04-03,paid,store,CHF
500542,10046,2026-01-26,paid,store,CHF
500543,10154,2026-01-18,paid,online,CHF
500544,10243,2026-04-06,paid,store,CHF
500545,10069,2026-03-27,refunded,store,CHF
500546,10093,2026-02-07,paid,store,CHF
500547,10064,2026-03-22,paid,store,CHF
500548,10165,2026-03-28,pending,store,CHF
500549,10212,2026-03-29,pending,online,CHF
500550,10049,2026-02-19,paid,online,CHF
500551,10149,2026-01-08,paid,mobile_app,CHF
500552,10074,2026-02-10,paid,online,CHF
500553,10192,2026-01-06,paid,online,CHF
500554,10005,2026-03-10,paid,store,CHF
500555,10100,2026-02-13,paid,online,CHF
500556,10070,2026-03-05,refunded,mobile_app,CHF
500557,10090,2026-01-29,cancelled,mobile_app,CHF
500558,10004,2026-01-28,paid,online,CHF
500559,10126,2026-01-11,paid,store,CHF
500560,10231,2026-03-06,paid,store,CHF
500561,10039,2026-04-17,paid,store,CHF
500562,10242,2026-01-19,paid,mobile_app,CHF
500563,10163,2026-01-09,pending,online,CHF
500564,10129,2026-01-27,paid,online,CHF
500565,10024,2026-02-03,paid,store,CHF
500566,10057,2026-02-13,cancelled,online,CHF
500567,10100,2026-03-09,paid,store,CHF
500568,10070,2026-04-10,paid,store,CHF
500569,10041,2026-03-23,paid,store,CHF
500570,10182,2026-01-15,paid,online,CHF
500571,10174,2026-02-20,refunded,online,CHF
500572,10060,2026-01-13,paid,mobile_app,CHF
500573,10108,2026-03-24,paid,store,CHF
500574,10188,2026-02-18,paid,online,CHF
500575,10057,2026-03-11,refunded,online,CHF
500576,10031,2026-04-22,paid,store,CHF
500577,10084,2026-02-25,paid,online,CHF
500578,10152,2026-03-17,paid,online,CHF
500579,10217,2026-02-20,paid,online,CHF
500580,10036,2026-02-06,paid,mobile_app,CHF
500581,10213,2026-01-17,paid,online,CHF
500582,10158,2026-02-27,paid,store,CHF
500583,10152,2026-03-28,paid,online,CHF
500584,10108,2026-03-31,pending,store,CHF
500585,10106,2026-01-29,paid,store,CHF
500586,10158,2026-02-02,paid,store,CHF
500587,10086,2026-03-01,paid,online,CHF
500588,10220,2026-04-01,REFUNDED,online,CHF
500589,10135,2026-03-30,paid,store,CHF
500590,10163,2026-04-30,pending,online,CHF
500591,10183,2026-02-24,cancelled,mobile_app,CHF
500592,10220,2026-01-10,paid,store,CHF
500593,10014,2026-02-16,refunded,store,CHF
500594,10120,2026-01-23,paid,online,CHF
500595,10138,2026-03-26,paid,store,CHF
500596,10080,2026-01-21,pending,online,CHF
500597,10144,2026-04-17,paid,store,CHF
500598,10182,2026-01-13,paid,online,CHF
500599,10223,2026-04-11,paid,online,CHF
500600,10106,2026-02-02,paid,online,CHF
500601,10217,2026-01-24,cancelled,online,CHF
500602,10205,2026-04-18,paid,mobile_app,CHF
500603,10070,2026-01-11,paid,online,CHF
500604,10044,2026-01-17,paid,online,CHF
500605,10073,2026-03-09,paid,store,CHF
500606,10045,2026-02-16,pending,online,CHF
500607,10228,2026-01-25,paid,store,CHF
500608,10184,,refunded,online,CHF
500609,10107,2026-03-14,paid,store,CHF
500610,10084,2026-01-21,paid,online,CHF
500611,10082,2026-03-25,paid,store,CHF
500612,10250,2026-03-24,paid,online,CHF
500613,10107,2026-03-24,paid,mobile_app,CHF
500614,10185,2026-01-12,paid,store,CHF
500615,10021,2026-02-06,paid,mobile_app,CHF
500616,10196,2026-02-11,refunded,store,CHF
500617,10178,2026-01-17,paid,online,CHF
500618,10161,2026-04-11,paid,mobile_app,CHF
500619,10219,2026-04-28,paid,store,CHF
500620,10007,2026-02-17,paid,mobile_app,CHF
500621,10070,2026-04-13,paid,store,CHF
500622,10127,2026-01-28,cancelled,store,CHF
500623,10143,2026-02-10,refunded,mobile_app,CHF
500624,10210,2026-04-09,paid,store,CHF
500625,10160,2026-02-16,paid,mobile_app,CHF
500626,10248,2026-04-22,paid,mobile_app,CHF
500627,10203,2026-01-18,paid,store,CHF
500628,10148,2026-03-19,paid,online,CHF
500629,10216,2026-04-09,PAID,store,CHF
500630,10143,2026-04-18,paid,store,CHF
500631,10176,2026-04-15,paid,store,CHF
500632,10199,2026-03-12,cancelled,store,CHF
500633,10149,2026-04-15,paid,store,CHF
500634,10170,2026-01-13,paid,store,CHF
500635,10154,2026-03-23,paid,mobile_app,CHF
500636,10236,2026-04-11,paid,online,CHF
500637,10120,2026-01-13,pending,online,CHF
500638,10128,2026-04-10,pending,online,CHF
500639,10142,2026-01-31,pending,online,CHF
500640,10057,2026-01-02,paid,store,CHF
500641,10165,2026-01-16,cancelled,online,CHF
500642,10058,2026-01-09,paid,mobile_app,CHF
500643,10021,2026-03-14,pending,store,CHF
500644,10082,2026-02-07,paid,online,CHF
500645,10069,2026-03-16,refunded,online,CHF
500646,10131,2026-02-23,pending,mobile_app,CHF
500647,10087,2026-02-25,cancelled,online,CHF
500648,10218,2026-03-27,paid,store,CHF
500649,10165,2026-04-07,paid,store,CHF
500650,10216,2026-04-10,pending,store,CHF
500651,10049,2026-04-19,paid,online,CHF
500652,10147,2026-03-28,pending,store,CHF
500653,10115,2026-02-14,paid,mobile_app,CHF
500654,10089,2026-04-19,paid,store,CHF
500655,10085,2026-02-03,pending,store,CHF
500656,999002,2026-01-09,paid,online,CHF
500657,10140,2026-03-29,paid,online,CHF
500658,10249,2026-01-08,paid,store,CHF
500659,10189,2026-01-07,paid,store,CHF
500660,10169,2026-02-05,cancelled,online,CHF
500661,10161,2026-01-18,paid,store,CHF
500662,10178,2026-01-03,pending,store,CHF
500663,10117,,pending,online,CHF
500664,10196,2026-03-11,paid,online,CHF
500665,10127,2026-04-18,cancelled,store,CHF
500666,10234,2026-02-13,paid,online,CHF
500667,10249,2026-01-21,paid,mobile_app,CHF
500668,10071,2026-01-28,refunded,online,CHF
500669,10086,2026-04-14,paid,online,CHF
500670,10247,2026-02-23,paid,mobile_app,CHF
500671,10033,2026-02-23,paid,mobile_app,CHF
500672,10081,2026-03-06,paid,online,CHF
500673,10152,2026-04-10,paid,store,CHF
500674,10061,2026-01-21,cancelled,online,CHF
500675,10061,2026-04-17,paid,online,CHF
500676,10098,2026-04-09,paid,store,CHF
500677,10028,2026-01-13,paid,store,CHF
500678,10186,2026-02-26,paid,online,CHF
500679,10043,2026-02-18,paid,online,CHF
500680,10169,2026-04-28,paid,store,CHF
500681,10167,2026-02-23,paid,online,CHF
500682,10086,2026-01-10,paid,store,CHF
500683,10177,2026-02-22,paid,store,CHF
500684,10017,2026-02-13,paid,online,CHF
500685,10098,2026-02-16,refunded,store,CHF
500686,10198,2026-02-22,refunded,store,CHF
500687,10238,2026-03-15,paid,mobile_app,CHF
500688,10198,2026-02-15,pending,store,CHF
500689,10098,2026-01-13,cancelled,store,CHF
500690,10065,2026-02-06,paid,mobile_app,CHF
500691,10074,2026-04-12,paid,online,CHF
500692,10085,2026-01-24,cancelled,online,CHF
500693,10005,2026-01-02,paid,mobile_app,CHF
500694,10002,2026-03-27,paid,store,CHF
500695,10022,2026-03-22,cancelled,online,CHF
500696,10112,2026-04-10,paid,online,CHF
500697,10057,2026-01-14,paid,online,CHF
500698,10066,2026-01-10,pending,online,CHF
500699,10074,2026-02-04,paid,online,CHF
500700,10098,2026-01-25,paid,online,CHF
500701,10144,2026-01-03,paid,online,CHF
500702,10112,2026-04-21,paid,online,CHF
500703,10179,2026-04-12,cancelled,online,CHF
500704,10125,2026-01-17,paid,online,CHF
500705,10167,2026-01-12,paid,online,CHF
500706,10086,2026-02-23,paid,online,CHF
500707,10076,2026-04-26,paid,online,CHF
500708,10088,2026-01-24,paid,online,CHF
500709,10239,2026-01-29,cancelled,online,CHF
500710,10168,2026-02-12,paid,mobile_app,CHF
500711,10038,2026-01-25,paid,online,CHF
500712,10188,2026-04-10,paid,online,CHF
500713,10059,2026-03-01,pending,online,CHF
500714,10138,2026-03-31,pending,mobile_app,CHF
500715,10099,2026-04-12,refunded,online,CHF
500716,10192,2026-03-06,cancelled,online,CHF
500717,10243,2026-03-25,cancelled,online,CHF
500718,10063,2026-04-29,paid,online,CHF
500719,10049,2026-01-28,paid,store,CHF
500720,10192,2026-01-16,paid,store,CHF
500721,10032,2026-02-16,cancelled,mobile_app,CHF
500722,10135,2026-03-22,pending,online,CHF
500723,10021,2026-04-14,paid,online,CHF
500724,10020,2026-04-02,pending,mobile_app,CHF
500725,10154,2026-02-27,paid,online,CHF
500726,10127,2026-03-17,paid,online,CHF
500727,10068,2026-01-27,paid,online,CHF
500728,10110,2026-04-28,paid,online,CHF
500729,10116,2026-02-22,paid,store,CHF
500730,10214,2026-02-11,paid,online,CHF
500731,10143,2026-02-28,paid,online,CHF
500732,10120,2026-02-16,paid,store,CHF
500733,10232,2026-04-04,pending,online,CHF
500734,10213,2026-04-15,pending,store,CHF
500735,10079,2026-02-03,pending,store,CHF
500736,10214,2026-02-06,paid,store,CHF
500737,10116,2026-01-06,paid,store,CHF
500738,10092,2026-01-07,cancelled,online,CHF
500739,10014,2026-04-06,paid,mobile_app,CHF
500740,10155,2026-04-06,paid,online,CHF
500741,10125,2026-04-27,paid,store,CHF
500742,10233,2026-01-25,paid,store,CHF
500743,10168,2026-02-02,paid,store,CHF
500744,10058,2026-02-24,paid,online,CHF
500745,10028,2026-02-27,paid,store,CHF
500746,10026,2026-01-07,paid,online,CHF
500747,10113,2026-04-26,paid,store,CHF
500748,10191,2026-02-26,paid,online,CHF
500749,10066,2026-01-12,paid,store,CHF
500750,10153,2026-01-16,paid,store,CHF
500751,10248,2026-03-21,paid,online,CHF
500752,10131,2026-02-12,paid,store,CHF
500753,10200,2026-04-27,paid,store,CHF
500754,10044,2026-04-10,paid,online,CHF
500755,10097,2026-03-18,paid,online,CHF
500756,10042,2026-01-07,pending,online,CHF
500757,10244,2026-04-10,paid,store,CHF
500758,10227,2026-04-21,paid,store,CHF
500759,10006,2026-02-20,paid,store,CHF
500760,10167,2026-03-14,paid,store,CHF
500761,10180,2026-02-01,paid,mobile_app,CHF
500762,10023,2026-03-16,paid,online,CHF
500763,10089,2026-01-08,cancelled,store,CHF
500764,10123,2026-04-07,paid,online,CHF
500765,10178,2026-03-28,paid,store,CHF
500766,10171,2026-03-30,paid,mobile_app,CHF
500767,10147,2026-04-30,pending,store,CHF
500768,10197,2026-03-13,paid,store,CHF
500769,10051,2026-02-14,refunded,online,CHF
500770,10011,2026-03-27,paid,online,CHF
500771,10248,2026-02-28,refunded,online,CHF
500772,10012,2026-01-04,pending,store,CHF
500773,10074,,paid,store,CHF
500774,10008,2026-03-08,paid,online,CHF
500775,10152,2026-01-29,paid,store,CHF
500776,10220,2026-04-15,paid,mobile_app,CHF
500777,10041,2026-01-29,paid,store,CHF
500778,10164,2026-04-08,paid,online,CHF
500779,10229,2026-04-08,paid,online,CHF
500780,10085,2026-01-28,paid,store,CHF
500781,10072,2026-03-18,pending,online,CHF
500782,10055,2026-03-20,paid,online,CHF
500783,10137,2026-03-28,paid,store,CHF
500784,10047,2026-02-13,paid,mobile_app,CHF
500785,10143,2026-03-31,pending,online,CHF
500786,10176,2026-01-04,paid,store,CHF
500787,10238,2026-03-31,paid,store,CHF
500788,10104,2026-04-14,paid,store,CHF
500789,10210,2026-01-09,paid,online,CHF
500790,10042,2026-04-29,paid,online,CHF
500791,10060,2026-01-05,refunded,online,CHF
500792,10212,2026-02-25,cancelled,mobile_app,CHF
500793,10198,2026-04-06,paid,online,CHF
500794,10012,2026-03-25,pending,online,CHF
500795,10130,2026-02-19,paid,store,CHF
500796,10007,2026-03-16,paid,online,CHF
500797,10080,2026-01-15,pending,store,CHF
500798,10131,2026-02-01,paid,online,CHF
500799,10109,2026-01-28,cancelled,store,CHF
500800,10003,2026-01-22,paid,store,CHF
500801,10027,2026-04-15,paid,store,CHF
500802,10114,2026-01-17,paid,store,CHF
500803,10107,2026-02-28,paid,online,CHF
500804,10040,2026-03-31,cancelled,online,CHF
500805,10230,2026-04-18,refunded,online,CHF
500806,10161,2026-03-12,paid,online,CHF
500807,10220,2026-04-16,pending,online,CHF
500808,10129,2026-02-26,pending,store,CHF
500809,10247,2026-01-26,paid,store,CHF
500810,10008,2026-01-25,paid,online,CHF
500811,10101,2026-01-10,paid,online,CHF
500812,10160,2026-02-14,paid,store,CHF
500813,10124,2026-03-24,refunded,store,CHF
500814,10176,2026-01-11,paid,store,CHF
500815,999006,2026-03-18,cancelled,online,CHF
500816,10101,2026-02-22,paid,store,CHF
500817,10004,2026-03-13,paid,online,CHF
500818,10222,2026-04-14,paid,online,CHF
500819,10198,2026-03-09,paid,store,CHF
500820,10110,2026-04-21,paid,mobile_app,CHF
500821,10246,2026-04-05,paid,online,CHF
500822,10019,2026-01-28,paid,online,CHF
500823,10032,2026-03-16,paid,online,CHF
500824,10137,2026-04-17,paid,online,CHF
500825,10012,2026-03-06,pending,online,CHF
500826,10139,2026-02-18,paid,store,CHF
500827,10046,2026-02-16,paid,store,CHF
500828,10119,2026-02-21,PAID,store,CHF
500829,10016,2026-04-12,paid,store,CHF
500830,10129,2026-03-29,refunded,store,CHF
500831,10063,2026-02-23,PAID,store,CHF
500832,10109,2026-03-01,paid,store,CHF
500833,10119,2026-02-26,cancelled,online,CHF
500834,10245,2026-02-16,paid,mobile_app,CHF
500835,10021,2026-01-31,paid,mobile_app,CHF
500836,10158,2026-04-15,paid,online,CHF
500837,10013,2026-02-15,paid,online,CHF
500838,10162,2026-04-24,paid,mobile_app,CHF
500839,10004,2026-01-26,paid,store,CHF
500840,10156,2026-04-23,pending,store,CHF
500841,10102,2026-04-24,cancelled,mobile_app,CHF
500842,10250,2026-01-05,paid,online,CHF
500843,10223,2026-03-25,paid,online,CHF
500844,10059,2026-02-21,pending,store,CHF
500845,10247,2026-04-15,paid,store,CHF
500846,10128,2026-03-16,pending,online,CHF
500847,10027,2026-04-30,cancelled,online,CHF
500848,10069,2026-02-23,cancelled,store,CHF
500849,10025,2026-02-02,paid,store,CHF
500850,10131,2026-02-19,paid,online,CHF
500851,10097,2026-02-07,paid,online,CHF
500852,10196,2026-01-27,cancelled,store,CHF
500853,10025,2026-04-08,paid,mobile_app,CHF
500854,10148,2026-01-15,cancelled,store,CHF
500855,10162,2026-04-06,paid,store,CHF
500856,10154,2026-03-02,paid,online,CHF
500857,10126,2026-01-21,paid,store,CHF
500858,10133,2026-02-15,paid,online,CHF
500859,10227,2026-03-10,paid,online,CHF
500860,10189,2026-01-06,paid,online,CHF
500861,10220,2026-02-07,refunded,store,CHF
500862,10221,2026-03-03,paid,store,CHF
500863,10009,2026-03-27,paid,store,CHF
500864,10116,2026-03-03,paid,online,CHF
500865,10230,2026-03-23,pending,online,CHF
500866,10178,2026-03-19,cancelled,online,CHF
500867,10134,2026-03-15,paid,online,CHF
500868,10211,2026-02-15,pending,mobile_app,CHF
500869,10060,2026-01-13,cancelled,online,CHF
500870,10172,2026-04-05,paid,store,CHF
500871,10121,2026-04-04,paid,store,CHF
500872,10139,2026-01-03,paid,online,CHF
500873,10194,2026-04-04,paid,store,CHF
500874,10175,2026-01-06,pending,store,CHF
500875,10108,2026-04-03,paid,online,CHF
500876,10108,2026-01-08,pending,online,CHF
500877,10201,2026-02-13,paid,store,CHF
500878,10213,2026-04-19,paid,online,CHF
500879,10216,2026-04-17,paid,online,CHF
500880,10226,2026-04-18,paid,online,CHF
500881,10214,2026-02-02,cancelled,store,CHF
500882,10131,2026-03-22,cancelled,store,CHF
500883,10076,2026-04-22,paid,online,CHF
500884,10220,2026-03-16,paid,online,CHF
500885,10030,2026-03-18,paid,mobile_app,CHF
500886,10218,2026-02-19,paid,online,CHF
500887,10240,2026-01-11,paid,store,CHF
500888,10021,2026-04-05,paid,store,CHF
500889,10156,2026-01-28,paid,online,CHF
500890,10248,2026-04-18,pending,store,CHF
500891,10218,2026-03-11,paid,store,CHF
500892,10190,2026-02-10,paid,online,CHF
500893,10161,2026-01-16,paid,store,CHF
500894,10213,2026-03-09,paid,store,CHF
500895,10163,2026-04-09,paid,store,CHF
500896,10180,2026-02-17,pending,store,CHF
500897,10034,2026-02-25,pending,store,CHF
500898,10041,2026-03-05,paid,online,CHF
500899,10051,2026-02-28,paid,online,CHF
500900,10175,2026-03-31,paid,store,CHF
500901,10082,2026-03-03,cancelled,online,CHF
500902,10058,2026-03-17,paid,store,CHF
500903,10075,2026-01-11,paid,online,CHF
500904,10185,2026-04-11,paid,mobile_app,CHF
500905,10023,2026-03-30,paid,online,CHF
500906,10176,2026-01-18,paid,online,CHF
500907,10128,2026-01-19,refunded,store,CHF
500908,10150,2026-03-28,paid,store,CHF
500909,10017,2026-02-24,paid,mobile_app,CHF
500910,10069,2026-04-12,paid,store,CHF
500911,10108,2026-04-28,pending,store,CHF
500912,10139,2026-03-23,refunded,online,CHF
500913,10094,2026-01-26,paid,online,CHF
500914,10015,2026-01-06,cancelled,mobile_app,CHF
500915,10091,2026-01-04,paid,store,CHF
500916,10163,2026-04-18,paid,mobile_app,CHF
500917,10033,2026-04-25,paid,store,CHF
500918,10212,2026-01-29,paid,store,CHF
500919,10125,2026-02-28,paid,online,CHF
500920,10016,2026-04-08,paid,store,CHF
500921,10162,2026-01-17,paid,store,CHF
500922,10066,2026-04-17,pending,online,CHF
500923,10227,2026-02-12,paid,store,CHF
500924,10168,2026-04-27,paid,store,CHF
500925,10248,2026-03-21,paid,store,CHF
500926,10156,2026-03-07,paid,online,CHF
500927,10047,2026-02-03,paid,online,CHF
500928,10167,2026-04-29,paid,online,CHF
500929,10198,2026-01-08,refunded,online,CHF
500930,10201,2026-01-13,paid,online,CHF
500931,10148,2026-04-16,paid,online,CHF
500932,10124,2026-01-08,pending,store,CHF
500933,10001,2026-04-04,paid,store,CHF
500934,10200,2026-04-06,paid,online,CHF
500935,10247,2026-04-10,paid,store,CHF
500936,10087,2026-04-21,paid,mobile_app,CHF
500937,10128,2026-04-04,paid,online,CHF
500938,10191,2026-03-06,paid,online,CHF
500939,10067,2026-02-12,paid,store,CHF
500940,10004,2026-02-08,paid,store,CHF
500941,10186,2026-03-22,cancelled,store,CHF
500942,10153,2026-02-28,paid,online,CHF
500943,10047,2026-03-25,paid,online,CHF
500944,10038,2026-03-29,pending,mobile_app,CHF
500945,10143,2026-04-24,paid,store,CHF
500946,10191,2026-03-27,paid,store,CHF
500947,10021,2026-04-03,refunded,store,CHF
500948,10227,2026-03-27,paid,online,CHF
500949,10057,2026-02-13,paid,mobile_app,CHF
500950,10117,2026-01-09,cancelled,store,CHF
500951,10181,2026-02-06,paid,online,CHF
500952,10046,2026-03-15,paid,store,CHF
500953,10244,2026-02-05,paid,online,CHF
500954,10142,2026-04-11,paid,mobile_app,CHF
500955,10228,2026-04-02,paid,store,CHF
500956,10204,2026-01-28,pending,store,CHF
500957,10145,2026-02-11,paid,mobile_app,CHF
500958,999005,2026-02-12,pending,mobile_app,CHF
500959,10137,2026-03-26,paid,online,CHF
500960,10099,2026-03-29,pending,online,CHF
500961,10077,2026-02-11,paid,store,CHF
500962,10207,2026-04-14,paid,online,CHF
500963,10210,2026-03-07,paid,online,CHF
500964,10115,2026-02-24,paid,online,CHF
500965,10225,2026-03-13,paid,store,CHF
500966,10134,2026-02-17,pending,store,CHF
500967,10219,2026-04-01,pending,store,CHF
500968,10151,2026-01-22,paid,store,CHF
500969,10187,2026-04-11,paid,store,CHF
500970,10091,2026-01-27,paid,store,CHF
500971,10098,2026-04-03,paid,store,CHF
500972,10120,2026-03-08,paid,store,CHF
500973,10046,2026-04-18,cancelled,online,CHF
500974,10038,2026-01-13,refunded,store,CHF
500975,10142,2026-02-14,paid,store,CHF
500976,10100,2026-01-10,paid,store,CHF
500977,10245,2026-04-10,paid,store,CHF
500978,10072,2026-01-09,paid,online,CHF
500979,10190,2026-02-23,paid,store,CHF
500980,10035,2026-04-30,paid,online,CHF
500981,10147,2026-04-29,pending,mobile_app,CHF
500982,10030,2026-01-27,paid,online,CHF
500983,10078,2026-02-03,paid,online,CHF
500984,10084,2026-04-25,pending,mobile_app,CHF
500985,10113,2026-01-01,cancelled,online,CHF
500986,10025,2026-02-01,paid,store,CHF
500987,10168,2026-03-30,paid,store,CHF
500988,10088,2026-04-03,paid,mobile_app,CHF
500989,10014,2026-03-12,cancelled,store,CHF
500990,10154,2026-04-23,cancelled,store,CHF
500991,10102,2026-03-08,paid,online,CHF
500992,10215,2026-03-25,paid,online,CHF
500993,10150,2026-01-20,pending,store,CHF
500994,10176,2026-04-27,paid,online,CHF
500995,10249,2026-04-04,paid,store,CHF
500996,10083,2026-02-04,paid,online,CHF
500997,10110,2026-04-09,paid,store,CHF
500998,10179,2026-04-23,paid,store,CHF
500999,10131,2026-04-13,pending,online,CHF
501000,10170,2026-04-01,refunded,online,CHF
501001,10019,2026-03-31,paid,online,CHF
501002,10201,2026-03-19,paid,store,CHF
501003,10028,2026-01-17,paid,store,CHF
501004,10212,2026-01-18,paid,online,CHF
501005,10173,2026-02-14,paid,store,CHF
501006,10071,2026-04-26,pending,store,CHF
501007,10206,2026-04-03,paid,store,CHF
501008,10063,2026-03-25,paid,online,CHF
501009,10073,2026-02-22,paid,mobile_app,CHF
501010,10124,2026-04-01,pending,mobile_app,CHF
501011,10119,2026-03-23,cancelled,online,CHF
501012,10121,2026-03-09,refunded,store,CHF
501013,10019,2026-03-06,cancelled,store,CHF
501014,10175,2026-04-24,paid,online,CHF
501015,10244,2026-01-01,paid,store,CHF
501016,10142,2026-02-27,paid,mobile_app,CHF
501017,10120,2026-01-26,paid,store,CHF
501018,10166,2026-04-19,paid,mobile_app,CHF
501019,10181,2026-01-20,paid,online,CHF
501020,10061,2026-04-26,paid,online,CHF
501021,10164,2026-03-28,paid,store,CHF
501022,10168,2026-01-10,paid,store,CHF
501023,10209,2026-02-28,cancelled,store,CHF
501024,10030,2026-03-16,paid,store,CHF
501025,10009,2026-02-10,paid,store,CHF
501026,10064,2026-04-15,paid,online,CHF
501027,10161,2026-01-05,paid,store,CHF
501028,10120,2026-03-06,paid,online,CHF
501029,10052,2026-01-17,paid,online,CHF
501030,10089,2026-01-22,paid,store,CHF
501031,10142,2026-04-08,paid,mobile_app,CHF
501032,10203,2026-04-30,paid,store,CHF
501033,10053,2026-04-19,paid,store,CHF
501034,10227,2026-02-10,paid,online,CHF
501035,10233,2026-04-03,paid,online,CHF
501036,10187,2026-03-09,paid,store,CHF
501037,10078,2026-03-10,paid,store,CHF
501038,10222,2026-01-11,paid,online,CHF
501039,10041,2026-02-25,paid,store,CHF
501040,10196,2026-02-20,paid,online,CHF
501041,10068,2026-01-21,paid,mobile_app,CHF
501042,10220,2026-04-09,pending,mobile_app,CHF
501043,10008,2026-03-17,cancelled,store,CHF
501044,10002,2026-01-26,cancelled,store,CHF
501045,10105,2026-04-25,paid,store,CHF
501046,10125,2026-01-19,paid,store,CHF
501047,10110,2026-04-19,paid,store,CHF
501048,10086,2026-03-01,paid,store,CHF
501049,10169,2026-03-12,paid,mobile_app,CHF
501050,10120,2026-02-16,paid,mobile_app,CHF
501051,10127,2026-04-29,pending,store,CHF
501052,10183,2026-03-12,paid,store,CHF
501053,10016,,cancelled,store,CHF
501054,10221,2026-02-09,paid,store,CHF
501055,10062,2026-01-05,paid,online,CHF
501056,10113,2026-01-21,paid,online,CHF
501057,10176,2026-03-19,paid,mobile_app,CHF
501058,10158,2026-01-04,pending,online,CHF
501059,10012,2026-01-23,paid,online,CHF
501060,10035,2026-04-16,paid,online,CHF
501061,10011,2026-03-25,pending,store,CHF
501062,10064,2026-01-15,paid,online,CHF
501063,10238,2026-04-24,refunded,online,CHF
501064,10050,2026-04-26,paid,store,CHF
501065,10213,2026-04-19,paid,store,CHF
501066,10149,2026-04-03,paid,store,CHF
501067,10069,2026-01-08,paid,mobile_app,CHF
501068,10048,2026-02-10,paid,store,CHF
501069,10020,2026-04-22,paid,store,CHF
501070,10101,2026-01-19,pending,store,CHF
501071,10195,2026-04-22,cancelled,online,CHF
501072,10172,2026-04-13,paid,store,CHF
501073,10161,2026-02-15,paid,mobile_app,CHF
501074,10245,2026-01-28,paid,mobile_app,CHF
501075,10201,2026-04-20,paid,online,CHF
501076,10189,2026-04-01,paid,online,CHF
501077,10137,2026-03-09,paid,store,CHF
501078,10068,2026-01-15,paid,store,CHF
501079,10035,2026-04-09,paid,online,CHF
501080,10209,2026-02-06,refunded,store,CHF
501081,10226,2026-01-01,paid,store,CHF
501082,10216,2026-03-08,paid,online,CHF
501083,10224,2026-04-21,paid,store,CHF
501084,10065,2026-01-24,paid,mobile_app,CHF
501085,10008,2026-01-27,paid,store,CHF
501086,10045,2026-02-09,paid,online,CHF
501087,10087,2026-03-04,cancelled,online,CHF
501088,10175,2026-03-02,paid,online,CHF
501089,10168,2026-02-05,paid,store,CHF
501090,10076,2026-04-08,refunded,online,CHF
501091,10182,2026-04-03,cancelled,mobile_app,CHF
501092,10076,2026-01-24,paid,online,CHF
501093,10174,2026-01-24,paid,store,CHF
501094,10047,2026-04-16,paid,online,CHF
501095,10015,2026-01-04,paid,online,CHF
501096,10105,2026-03-08,paid,store,CHF
501097,10147,2026-02-03,paid,mobile_app,CHF
501098,10026,2026-02-26,paid,store,CHF
501099,10052,2026-02-18,paid,online,CHF
501100,10093,2026-03-28,paid,online,CHF
501101,10150,2026-02-22,paid,online,CHF
501102,10232,2026-04-30,paid,mobile_app,CHF
501103,10021,2026-04-26,paid,mobile_app,CHF
501104,10051,2026-01-23,paid,store,CHF
501105,10038,2026-04-19,paid,store,CHF
501106,10020,2026-03-10,paid,store,CHF
501107,10249,2026-04-05,paid,online,CHF
501108,10157,2026-02-22,paid,mobile_app,CHF
501109,10179,2026-03-03,paid,store,CHF
501110,10132,2026-02-10,cancelled,store,CHF
501111,10055,2026-02-26,cancelled,store,CHF
501112,10199,2026-03-01,paid,online,CHF
501113,10092,2026-02-23,paid,store,CHF
501114,10028,2026-03-11,paid,store,CHF
501115,10004,2026-04-11,paid,online,CHF
501116,10150,2026-02-26,paid,online,CHF
501117,10076,2026-01-10,refunded,online,CHF
501118,10173,2026-02-09,paid,online,CHF
501119,10067,2026-01-07,paid,store,CHF
501120,10086,2026-04-13,pending,online,CHF
501121,10236,2026-02-07,refunded,online,CHF
501122,10194,2026-03-26,cancelled,mobile_app,CHF
501123,10216,2026-03-02,paid,store,CHF
501124,10162,2026-03-25,paid,store,CHF
501125,10091,2026-01-03,paid,store,CHF
501126,10183,2026-02-20,paid,store,CHF
501127,10105,2026-03-27,paid,online,CHF
501128,10001,2026-02-16,paid,store,CHF
501129,10072,2026-03-09,refunded,online,CHF
501130,10087,2026-04-02,paid,store,CHF
501131,10166,2026-03-17,paid,store,CHF
501132,10006,2026-02-07,paid,online,CHF
501133,10214,2026-04-25,paid,store,CHF
501134,10153,2026-02-05,paid,store,CHF
501135,10210,2026-04-21,paid,online,CHF
501136,10145,2026-02-10,paid,online,CHF
501137,10061,2026-03-10,paid,store,CHF
501138,10012,2026-01-13,paid,mobile_app,CHF
501139,10006,2026-03-28,refunded,online,CHF
501140,10218,2026-02-27,paid,online,CHF
501141,10027,2026-02-19,paid,store,CHF
501142,10136,2026-01-30,paid,store,CHF
501143,10211,2026-03-03,paid,store,CHF
501144,10124,2026-04-11,paid,store,CHF
501145,10106,2026-01-25,paid,store,CHF
501146,10193,2026-04-22,pending,mobile_app,CHF
501147,10185,2026-01-27,pending,online,CHF
501148,10093,2026-02-20,paid,store,CHF
501149,10109,2026-03-19,cancelled,online,CHF
501150,10241,2026-02-26,paid,store,CHF
501151,10099,2026-04-22,cancelled,online,CHF
501152,10168,2026-02-16,paid,online,CHF
501153,10142,2026-04-28,paid,online,CHF
501154,10035,2026-04-10,pending,mobile_app,CHF
501155,10176,2026-02-08,paid,store,CHF
501156,10237,2026-01-16,pending,online,CHF
501157,10084,2026-04-30,paid,mobile_app,CHF
501158,10056,2026-01-22,paid,online,CHF
501159,10177,2026-03-26,paid,online,CHF
501160,10141,2026-02-23,paid,mobile_app,CHF
501161,10189,,paid,store,CHF
501162,10230,2026-03-13,pending,mobile_app,CHF
501163,10049,2026-04-23,paid,store,CHF
501164,10046,2026-01-16,pending,online,CHF
501165,10113,2026-02-28,pending,mobile_app,CHF
501166,10190,2026-04-29,paid,store,CHF
501167,10136,2026-01-31,pending,online,CHF
501168,10043,2026-02-11,refunded,store,CHF
501169,10148,2026-03-15,cancelled,mobile_app,CHF
501170,10124,2026-02-01,cancelled,online,CHF
501171,10097,2026-02-28,refunded,online,CHF
501172,10090,2026-02-03,paid,online,CHF
501173,10039,2026-01-09,paid,online,CHF
501174,10085,2026-03-22,pending,store,CHF
501175,10245,2026-01-11,paid,store,CHF
501176,10177,2026-04-06,paid,online,CHF
501177,10192,2026-01-10,PAID,store,CHF
501178,10062,2026-03-27,cancelled,store,CHF
501179,10106,2026-01-17,paid,store,CHF
501180,10107,2026-03-09,pending,store,CHF
501181,10054,2026-02-17,paid,mobile_app,CHF
501182,10126,2026-02-21,paid,online,CHF
501183,10233,2026-04-21,paid,online,CHF
501184,10009,2026-01-25,paid,store,CHF
501185,10088,2026-01-21,paid,store,CHF
501186,10037,2026-04-11,pending,store,CHF
501187,10049,2026-04-12,pending,online,CHF
501188,10041,2026-04-23,paid,online,CHF
501189,10017,2026-03-06,paid,mobile_app,CHF
501190,10088,2026-03-04,pending,online,CHF
501191,10021,2026-03-30,pending,online,CHF
501192,10051,2026-02-20,paid,online,CHF
501193,10059,2026-02-05,paid,mobile_app,CHF
501194,10167,2026-03-22,paid,online,CHF
501195,10183,2026-04-15,pending,store,CHF
501196,10041,2026-03-29,paid,online,CHF
501197,10039,2026-03-07,paid,online,CHF
501198,10141,2026-04-14,paid,online,CHF
501199,10192,2026-01-15,pending,store,CHF
501200,10011,2026-04-06,paid,mobile_app,CHF
500985,10113,2026-01-01,cancelled,online,CHF
500888,10021,2026-04-05,paid,store,CHF
500012,10092,2026-03-13,paid,online,CHF
500236,10207,2026-01-13,paid,mobile_app,CHF
500597,10144,2026-04-17,paid,store,CHF
500107,10218,2026-02-07,pending,mobile_app,CHF
500821,10246,2026-04-05,paid,online,CHF
500470,10063,2026-03-28,paid,store,CHF
500516,10075,2026-01-22,paid,online,CHF
500313,10104,2026-01-19,pending,online,CHF
501067,10069,2026-01-08,paid,mobile_app,CHF
500035,10089,2026-02-18,paid,online,CHF
