payment_id,order_id,payment_datetime,payment_type,payment_status,payment_amount,card_id,points_used
900001,500001,2026-04-20 01:00:00,card,success,1846.25,,0
900002,500002,2026-01-19 01:00:00,card,failed,0.0,,0
900003,500002,2026-01-19 02:00:00,card,success,980.4,,0
900004,500003,2026-01-11 01:00:00,card,success,3169.55,,0
900005,500004,2026-03-18 01:00:00,card,success,2090.62,,0
900006,500005,2026-02-15 01:00:00,cash,success,1411.47,,0
900007,500006,2026-02-14 01:00:00,installment,success,383.05,,0
900008,500006,2026-02-21 00:00:00,installment,success,441.34,,0
900009,500007,2026-01-01 01:00:00,card,success,328.89,,0
900010,500007,2026-01-02 00:00:00,refund,refunded,-328.89,,0
900011,500008,2026-02-09 01:00:00,card,failed,0.0,,0
900012,500008,2026-02-09 02:00:00,card,success,118.37,,0
900013,500009,2026-04-18 01:00:00,card,failed,0.0,,0
900014,500010,2026-01-19 01:00:00,card,success,2784.92,,0
900015,500010,2026-01-20 00:00:00,refund,refunded,-278.49,,0
900016,500011,2026-03-17 01:00:00,card,failed,0.0,,0
900017,500011,2026-03-17 02:00:00,card,success,1758.23,,0
900018,500012,2026-03-13 01:00:00,loyalty_card,success,3231.58,C70060,10
900019,500013,2026-03-13 01:00:00,cash,success,230.49,,0
900020,500015,2026-04-27 01:00:00,card,success,230.07,,0
900021,500015,2026-04-28 00:00:00,refund,refunded,-57.52,,0
900022,500016,2026-04-19 01:00:00,installment,success,807.84,,0
900023,500016,2026-04-26 00:00:00,installment,success,1322.29,,0
900024,500017,2026-01-12 01:00:00,points,success,0.0,C70094,10
900025,500018,2026-03-02 01:00:00,card,failed,0.0,,0
900026,500019,2026-04-22 01:00:00,card,success,2801.84,,0
900027,500019,2026-04-23 00:00:00,refund,refunded,-1400.92,,0
900028,500020,2026-02-02 01:00:00,card,failed,0.0,,0
900029,500020,2026-02-02 02:00:00,card,success,313.12,,0
900030,500021,2026-02-14 01:00:00,card,failed,0.0,,0
900031,500022,2026-01-01 01:00:00,cash,success,474.15,,0
900032,500023,2026-04-13 01:00:00,card,success,3105.29,,0
900033,500024,2026-04-02 01:00:00,card,success,1204.68,,0
900034,500025,2026-03-10 01:00:00,card,success,1324.96,,0
900035,500027,2026-01-25 01:00:00,cash,success,4101.19,,0
900036,500028,2026-04-01 01:00:00,loyalty_card,success,3122.94,,0
900037,500029,2026-02-15 01:00:00,card,success,1550.81,,0
900038,500029,2026-02-16 00:00:00,refund,refunded,-775.4,,0
900039,500030,2026-03-28 01:00:00,card,failed,0.0,,0
900040,500031,2026-01-30 01:00:00,loyalty_card,success,1761.28,,0
900041,500032,2026-04-19 01:00:00,card,success,580.86,,0
900042,500033,2026-02-16 01:00:00,cash,success,2710.02,,0
900043,500034,2026-03-28 01:00:00,card,success,1001.75,,0
900044,500035,2026-02-18 01:00:00,card,success,167.42,,0
900045,500036,2026-02-16 01:00:00,installment,SUCCESS,1109.6,,0
900046,500036,2026-02-23 00:00:00,installment,success,1562.46,,0
900047,500037,2026-03-25 01:00:00,card,success,2344.77,,0
900048,500038,2026-03-23 01:00:00,card,success,4873.63,,0
900049,500039,2026-01-18 01:00:00,card,success,2363.46,,0
900050,500040,2026-03-07 01:00:00,installment,success,544.52,,0
900051,500040,2026-03-14 00:00:00,installment,pending,0.0,,0
900052,500041,2026-03-09 01:00:00,installment,success,229.81,,0
900053,500041,2026-03-16 00:00:00,installment,success,257.5,,0
900054,500042,2026-04-04 01:00:00,loyalty_card,success,9004.07,C70139,20
900055,500043,2026-02-02 01:00:00,cash,success,720.21,,0
900056,500044,2026-02-05 01:00:00,installment,success,951.64,,0
900057,500044,2026-02-12 00:00:00,installment,success,1406.74,,0
900058,500045,2026-03-23 01:00:00,loyalty_card,success,6585.05,,0
900059,500046,2026-04-11 01:00:00,cash,success,3505.74,,0
900060,500047,2026-01-19 01:00:00,installment,success,261.09,,0
900061,500047,2026-01-26 00:00:00,installment,pending,0.0,,0
900062,500048,2026-04-21 01:00:00,loyalty_card,SUCCESS,4638.68,C70095,0
900063,500049,2026-01-28 01:00:00,cash,success,1848.71,,0
900064,500050,2026-02-09 01:00:00,cash,success,4417.35,,0
900065,500051,2026-03-25 01:00:00,cash,success,1815.52,,0
900066,500052,2026-04-23 01:00:00,cash,success,4641.13,,0
900067,500053,2026-04-07 01:00:00,installment,success,700.05,,0
900068,500053,2026-04-14 00:00:00,installment,success,754.51,,0
900069,500054,2026-03-17 01:00:00,card,failed,0.0,,0
900070,500054,2026-03-17 02:00:00,card,success,1937.63,,0
900071,500055,2026-04-25 01:00:00,card,success,5776.69,,0
900072,500056,2026-01-15 01:00:00,card,success,1037.33,,0
900073,500057,2026-02-10 01:00:00,card,success,2025.37,,0
900074,500058,2026-02-08 01:00:00,cash,success,4240.2,,0
900075,500059,2026-01-02 01:00:00,card,success,1144.74,,0
900076,500060,2026-03-04 01:00:00,card,failed,0.0,,0
900077,500060,2026-03-04 02:00:00,card,success,3497.95,,0
900078,500061,2026-01-29 01:00:00,loyalty_card,success,2518.51,,0
900079,500062,2026-04-15 01:00:00,installment,success,89.15,,0
900080,500062,2026-04-22 00:00:00,installment,success,125.33,,0
900081,500063,2026-03-15 01:00:00,card,success,1600.55,,0
900082,500063,2026-03-16 00:00:00,refund,refunded,-400.14,,0
900083,500064,2026-03-07 01:00:00,card,failed,0.0,,0
900084,500064,2026-03-07 02:00:00,card,success,1387.84,,0
900085,500065,2026-02-20 01:00:00,card,success,142.91,,0
900086,500066,2026-03-16 01:00:00,card,success,4128.2,,0
900087,500067,2026-03-18 01:00:00,card,success,4090.84,,0
900088,500067,2026-03-19 00:00:00,refund,refunded,-2045.42,,0
900089,500068,2026-01-10 01:00:00,card,failed,0.0,,0
900090,500068,2026-01-10 02:00:00,card,success,1416.46,,0
900091,500069,2026-01-14 01:00:00,card,success,1365.52,,0
900092,500069,2026-01-15 00:00:00,refund,refunded,-682.76,,0
900093,500070,2026-03-23 01:00:00,card,failed,0.0,,0
900094,500070,2026-03-23 02:00:00,card,success,2844.52,,0
900095,500071,2026-02-20 01:00:00,card,failed,0.0,,0
900096,500071,2026-02-20 02:00:00,card,success,264.18,,0
900097,500072,2026-04-28 01:00:00,cash,success,112.6,,0
900098,500073,2026-03-14 01:00:00,card,failed,0.0,,0
900099,500073,2026-03-14 02:00:00,card,success,4178.44,,0
900100,500074,2026-02-08 01:00:00,card,failed,0.0,,0
900101,500074,2026-02-08 02:00:00,card,success,3376.34,,0
900102,500075,2026-01-28 01:00:00,cash,success,3060.71,,0
900103,500077,2026-03-25 01:00:00,card,success,255.94,,0
900104,500078,2026-03-11 01:00:00,loyalty_card,success,2295.28,C70038,0
900105,500081,2026-01-02 01:00:00,card,success,1526.37,,0
900106,500081,2026-01-03 00:00:00,refund,refunded,-152.64,,0
900107,500082,2026-04-03 01:00:00,card,success,6418.73,,0
900108,500083,2026-02-07 01:00:00,card,failed,0.0,,0
900109,500083,2026-02-07 02:00:00,card,success,6933.13,,0
900110,500084,2026-01-03 01:00:00,card,failed,0.0,,0
900111,500084,2026-01-03 02:00:00,card,success,2611.53,,0
900112,500085,2026-01-16 01:00:00,installment,success,426.35,,0
900113,500085,2026-01-23 00:00:00,installment,success,232.93,,0
900114,500086,2026-04-04 01:00:00,card,success,1892.8,,0
900115,500086,2026-04-05 00:00:00,refund,refunded,-1892.8,,0
900116,500087,2026-02-09 01:00:00,cash,success,6026.89,,0
900117,500088,2026-01-02 01:00:00,card,failed,0.0,,0
900118,500088,2026-01-02 02:00:00,card,success,1591.9,,0
900119,500089,2026-03-22 01:00:00,card,failed,0.0,,0
900120,500089,2026-03-22 02:00:00,card,success,2738.41,,0
900121,500090,2026-02-10 01:00:00,card,success,3807.44,,0
900122,500091,2026-01-12 01:00:00,cash,success,2204.22,,0
900123,500092,2026-02-04 01:00:00,points,success,0.0,C70145,50
900124,500093,2026-04-17 01:00:00,cash,success,50.29,,0
900125,500094,2026-03-06 01:00:00,card,success,4050.03,,0
900126,500095,2026-02-24 01:00:00,card,success,3662.14,,0
900127,500096,2026-02-14 01:00:00,card,failed,0.0,,0
900128,500096,2026-02-14 02:00:00,card,success,2738.52,,0
900129,500097,2026-03-20 01:00:00,card,failed,0.0,,0
900130,500097,2026-03-20 02:00:00,card,success,2516.4,,0
900131,500098,2026-03-31 01:00:00,card,failed,0.0,,0
900132,500098,2026-03-31 02:00:00,card,success,627.61,,0
900133,500099,2026-04-11 01:00:00,card,success,4495.71,,0
900134,500101,2026-03-03 01:00:00,card,success,4605.33,,0
900135,500102,2026-02-18 01:00:00,card,failed,0.0,,0
900136,500103,2026-04-05 01:00:00,card,success,1028.25,,0
900137,500104,2026-01-25 01:00:00,card,failed,0.0,,0
900138,500105,2026-01-23 01:00:00,card,success,681.02,,0
900139,500106,2026-01-24 01:00:00,card,failed,0.0,,0
900140,500107,2026-02-07 01:00:00,installment,success,3413.69,,0
900141,500107,2026-02-14 00:00:00,installment,success,4825.07,,0
900142,500108,2026-01-28 01:00:00,points,success,0.0,C70161,20
900143,500109,2026-01-21 01:00:00,card,success,5289.19,,0
900144,500110,2026-02-23 01:00:00,cash,success,1973.66,,0
900145,500111,2026-04-17 01:00:00,installment,success,1547.52,,0
900146,500111,2026-04-24 00:00:00,installment,success,1595.13,,0
900147,500112,2026-01-18 01:00:00,cash,success,2317.48,,0
900148,500113,2026-02-05 01:00:00,cash,success,2606.84,,0
900149,500114,2026-04-09 01:00:00,card,success,3435.51,,0
900150,500115,2026-02-14 01:00:00,card,success,4635.85,,0
900151,500116,2026-04-29 01:00:00,card,failed,0.0,,0
900152,500117,2026-03-14 01:00:00,installment,success,381.33,,0
900153,500117,2026-03-21 00:00:00,installment,success,232.62,,0
900154,500118,2026-02-22 01:00:00,card,success,853.65,,0
900155,500119,2026-04-12 01:00:00,cash,success,607.1,,0
900156,500120,2026-01-30 01:00:00,loyalty_card,success,520.32,,0
900157,500121,2026-03-01 01:00:00,loyalty_card,success,2720.23,,0
900158,500122,2026-04-18 01:00:00,card,success,4158.41,,0
900159,500123,2026-04-08 01:00:00,installment,success,2435.99,,0
900160,500123,2026-04-15 00:00:00,installment,success,1526.6,,0
900161,500124,2026-02-01 01:00:00,card,success,2053.39,,0
900162,500124,2026-02-02 00:00:00,refund,refunded,-513.35,,0
900163,500125,2026-03-08 01:00:00,card,failed,0.0,,0
900164,500125,2026-03-08 02:00:00,card,success,5763.79,,0
900165,500126,2026-03-08 01:00:00,cash,success,2421.97,,0
900166,500127,2026-01-28 01:00:00,loyalty_card,success,3465.08,C70018,20
900167,500128,2026-02-13 01:00:00,card,success,2884.07,,0
900168,500129,2026-03-20 01:00:00,card,success,1736.33,,0
900169,500130,2026-02-10 01:00:00,card,success,6317.87,,0
900170,500132,2026-01-23 01:00:00,cash,success,424.19,,0
900171,500133,2026-04-14 01:00:00,points,success,0.0,C70155,100
900172,500134,2026-03-16 01:00:00,cash,SUCCESS,3427.52,,0
900173,500135,2026-02-17 01:00:00,card,success,2983.51,,0
900174,500136,2026-02-01 01:00:00,card,failed,0.0,,0
900175,500137,2026-02-26 01:00:00,installment,success,333.67,,0
900176,500137,2026-03-05 00:00:00,installment,success,507.05,,0
900177,500138,2026-04-28 01:00:00,cash,success,1509.71,,0
900178,500139,2026-04-10 01:00:00,card,success,381.81,,0
900179,500140,2026-02-02 01:00:00,card,FAILED,0.0,,0
900180,500142,2026-02-08 01:00:00,card,failed,0.0,,0
900181,500143,2026-02-03 01:00:00,card,success,1085.06,,0
900182,500144,2026-02-25 01:00:00,card,failed,0.0,,0
900183,500144,2026-02-25 02:00:00,card,success,35.27,,0
900184,500145,2026-01-28 01:00:00,card,failed,0.0,,0
900185,500145,2026-01-28 02:00:00,card,success,2786.31,,0
900186,500146,2026-02-06 01:00:00,loyalty_card,success,668.47,C70126,20
900187,500148,2026-03-09 01:00:00,card,success,1210.07,,0
900188,500149,2026-02-06 01:00:00,loyalty_card,success,2976.14,C70087,10
900189,500150,2026-02-25 01:00:00,installment,success,2909.69,,0
900190,500150,2026-03-04 00:00:00,installment,success,2164.25,,0
900191,500151,2026-03-06 01:00:00,card,success,1428.04,,0
900192,500151,2026-03-07 00:00:00,refund,refunded,-357.01,,0
900193,500152,2026-03-06 01:00:00,points,success,0.0,C70084,10
900194,500153,2026-02-16 01:00:00,card,success,3058.07,,0
900195,500154,2026-01-20 01:00:00,card,success,154.44,,0
900196,500155,2026-01-19 01:00:00,card,failed,0.0,,0
900197,500155,2026-01-19 02:00:00,card,success,3309.57,,0
900198,500156,2026-01-29 01:00:00,cash,success,2561.06,,0
900199,500157,2026-03-15 01:00:00,card,success,874.44,,0
900200,500158,2026-03-01 01:00:00,points,success,0.0,C70161,50
900201,500159,2026-01-18 01:00:00,card,failed,0.0,,0
900202,500159,2026-01-18 02:00:00,card,success,1041.14,,0
900203,500160,2026-04-02 01:00:00,card,success,1129.65,,0
900204,500160,2026-04-03 00:00:00,refund,refunded,-1129.65,,0
900205,500161,2026-02-04 01:00:00,cash,success,4504.97,,0
900206,500162,2026-02-12 01:00:00,card,success,1957.17,,0
900207,500163,2026-04-21 01:00:00,installment,success,2049.5,,0
900208,500163,2026-04-28 00:00:00,installment,success,2774.55,,0
900209,500164,2026-04-05 01:00:00,card,success,84.97,,0
900210,500165,2026-04-01 01:00:00,loyalty_card,success,3993.34,C70165,0
900211,500166,2026-01-11 01:00:00,card,success,2401.13,,0
900212,500166,2026-01-12 00:00:00,refund,refunded,-600.28,,0
900213,500167,2026-02-18 01:00:00,card,failed,0.0,,0
900214,500168,2026-04-23 01:00:00,card,success,980.52,,0
900215,500169,2026-02-07 01:00:00,card,failed,0.0,,0
900216,500169,2026-02-07 02:00:00,card,success,1932.29,,0
900217,500170,2026-03-05 01:00:00,card,success,1800.99,,0
900218,500170,2026-03-06 00:00:00,refund,refunded,-180.1,,0
900219,500171,2026-03-10 01:00:00,card,success,1833.19,,0
900220,500172,2026-01-08 01:00:00,card,success,3304.07,,0
900221,500172,2026-01-09 00:00:00,refund,refunded,-3304.07,,0
900222,500173,2026-02-03 01:00:00,card,failed,0.0,,0
900223,500173,2026-02-03 02:00:00,card,success,2576.91,,0
900224,500174,2026-02-17 01:00:00,cash,success,601.88,,0
900225,500175,2026-04-26 01:00:00,card,failed,0.0,,0
900226,500175,2026-04-26 02:00:00,card,success,2527.91,,0
900227,500176,2026-02-25 01:00:00,installment,success,234.18,,0
900228,500176,2026-03-04 00:00:00,installment,success,419.05,,0
900229,500177,2026-03-17 01:00:00,card,success,1481.54,,0
900230,500178,2026-04-12 01:00:00,card,failed,0.0,,0
900231,500178,2026-04-12 02:00:00,card,success,381.98,,0
900232,500179,2026-03-06 01:00:00,card,failed,0.0,,0
900233,500179,2026-03-06 02:00:00,card,success,2471.63,,0
900234,500180,2026-01-31 01:00:00,card,success,3176.75,,0
900235,500180,2026-02-01 00:00:00,refund,refunded,-317.68,,0
900236,500181,2026-01-04 01:00:00,installment,success,812.68,,0
900237,500181,2026-01-11 00:00:00,installment,success,1215.25,,0
900238,500183,2026-04-19 01:00:00,card,success,1092.65,,0
900239,500183,2026-04-20 00:00:00,refund,refunded,-546.33,,0
900240,500184,2026-02-19 01:00:00,card,success,2933.55,,0
900241,500184,2026-02-20 00:00:00,refund,refunded,-293.36,,0
900242,500185,2026-03-10 01:00:00,card,failed,0.0,,0
900243,500185,2026-03-10 02:00:00,card,success,1809.48,,0
900244,500186,2026-01-30 01:00:00,card,success,411.75,,0
900245,500187,2026-04-30 01:00:00,loyalty_card,success,2060.38,,0
900246,500189,2026-02-28 01:00:00,card,failed,0.0,,0
900247,500189,2026-02-28 02:00:00,card,success,4409.9,,0
900248,500190,2026-03-08 01:00:00,loyalty_card,success,3706.1,C70026,5
900249,500192,2026-02-14 01:00:00,card,failed,0.0,,0
900250,500192,2026-02-14 02:00:00,card,success,2525.32,,0
900251,500193,2026-01-04 01:00:00,cash,success,2970.4,,0
900252,500194,2026-01-26 01:00:00,cash,success,1658.09,,0
900253,500195,2026-01-27 01:00:00,card,FAILED,0.0,,0
900254,500196,2026-02-15 01:00:00,loyalty_card,success,720.84,C70097,5
900255,500198,2026-04-17 01:00:00,card,failed,0.0,,0
900256,500198,2026-04-17 02:00:00,card,success,38.99,,0
900257,500199,2026-03-05 01:00:00,cash,success,5292.39,,0
900258,500200,2026-04-01 01:00:00,card,success,639.95,,0
900259,500201,2026-04-16 01:00:00,installment,success,257.57,,0
900260,500201,2026-04-23 00:00:00,installment,success,337.2,,0
900261,500202,2026-02-20 01:00:00,card,failed,0.0,,0
900262,500202,2026-02-20 02:00:00,card,success,6442.89,,0
900263,500203,2026-02-19 01:00:00,card,success,4473.02,,0
900264,500203,2026-02-20 00:00:00,refund,refunded,-447.3,,0
900265,500204,2026-01-06 01:00:00,loyalty_card,success,1768.42,,0
900266,500206,2026-01-15 01:00:00,cash,success,157.91,,0
900267,500207,2026-04-27 01:00:00,card,success,3692.92,,0
900268,500207,2026-04-28 00:00:00,refund,refunded,-923.23,,0
900269,500208,2026-01-30 01:00:00,card,success,928.43,,0
900270,500209,2026-02-11 01:00:00,installment,success,1144.03,,0
900271,500209,2026-02-18 00:00:00,installment,success,1014.33,,0
900272,500210,2026-04-11 01:00:00,points,success,0.0,C70085,10
900273,500211,2026-02-06 01:00:00,card,success,2152.56,,0
900274,500211,2026-02-07 00:00:00,refund,refunded,-2152.56,,0
900275,500212,2026-02-11 01:00:00,installment,success,336.34,,0
900276,500212,2026-02-18 00:00:00,installment,success,382.37,,0
900277,500213,2026-04-11 01:00:00,loyalty_card,success,2624.41,C70031,0
900278,500214,2026-02-04 01:00:00,card,failed,0.0,,0
900279,500214,2026-02-04 02:00:00,card,success,4740.49,,0
900280,500215,2026-03-28 01:00:00,points,success,0.0,C70123,20
900281,500216,2026-01-06 01:00:00,card,success,3955.03,,0
900282,500217,2026-03-09 01:00:00,loyalty_card,success,5230.5,,0
900283,500218,2026-01-18 01:00:00,loyalty_card,success,1762.33,,0
900284,500219,2026-03-14 01:00:00,loyalty_card,success,127.92,C70164,0
900285,500220,2026-04-23 01:00:00,installment,success,1363.28,,0
900286,500220,2026-04-30 00:00:00,installment,success,2412.91,,0
900287,500221,2026-01-29 01:00:00,installment,success,1188.38,,0
900288,500221,2026-02-05 00:00:00,installment,pending,0.0,,0
900289,500222,2026-03-18 01:00:00,card,success,2174.88,,0
900290,500222,2026-03-19 00:00:00,refund,refunded,-2174.88,,0
900291,500223,2026-02-28 01:00:00,card,success,4315.0,,0
900292,500224,2026-02-16 01:00:00,card,failed,0.0,,0
900293,500224,2026-02-16 02:00:00,card,success,2700.78,,0
900294,500226,2026-01-17 01:00:00,card,SUCCESS,3482.51,,0
900295,500227,2026-04-19 01:00:00,card,success,1799.06,,0
900296,500228,2026-04-06 01:00:00,card,success,4597.46,,0
900297,500229,2026-04-22 01:00:00,card,success,557.65,,0
900298,500229,2026-04-23 00:00:00,refund,refunded,-139.41,,0
900299,500230,2026-01-22 01:00:00,loyalty_card,success,3919.66,C70148,20
900300,500231,2026-03-09 01:00:00,card,success,1136.48,,0
900301,500232,2026-03-10 01:00:00,card,failed,0.0,,0
900302,500232,2026-03-10 02:00:00,card,success,1869.0,,0
900303,500233,2026-02-06 01:00:00,installment,success,1216.66,,0
900304,500233,2026-02-13 00:00:00,installment,success,1216.78,,0
900305,500234,2026-04-15 01:00:00,card,failed,0.0,,0
900306,500234,2026-04-15 02:00:00,card,success,1135.44,,0
900307,500236,2026-01-13 01:00:00,card,failed,0.0,,0
900308,500237,2026-02-03 01:00:00,card,failed,0.0,,0
900309,500237,2026-02-03 02:00:00,card,success,3547.72,,0
900310,500238,2026-04-19 01:00:00,points,success,0.0,C70129,20
900311,500239,2026-03-27 01:00:00,card,success,687.03,,0
900312,500240,2026-02-22 01:00:00,loyalty_card,success,897.29,,0
900313,500242,2026-02-20 01:00:00,installment,success,516.29,,0
900314,500242,2026-02-27 00:00:00,installment,success,616.27,,0
900315,500243,2026-01-03 01:00:00,installment,success,1101.87,,0
900316,500243,2026-01-10 00:00:00,installment,pending,0.0,,0
900317,500244,2026-02-11 01:00:00,card,success,1503.0,,0
900318,500245,2026-04-08 01:00:00,installment,SUCCESS,1697.96,,0
900319,500245,2026-04-15 00:00:00,installment,pending,0.0,,0
900320,500246,2026-02-01 01:00:00,card,success,2593.78,,0
900321,500246,2026-02-02 00:00:00,refund,refunded,-259.38,,0
900322,500247,2026-04-19 01:00:00,installment,success,2232.51,,0
900323,500247,2026-04-26 00:00:00,installment,pending,0.0,,0
900324,500248,2026-02-20 01:00:00,card,success,5908.15,,0
900325,500249,2026-04-23 01:00:00,installment,success,782.77,,0
900326,500249,2026-04-30 00:00:00,installment,success,1161.76,,0
900327,500250,2026-03-26 01:00:00,card,success,115.84,,0
900328,500251,2026-02-15 01:00:00,loyalty_card,success,4758.33,,0
900329,500253,2026-01-21 01:00:00,card,success,1672.0,,0
900330,500253,2026-01-22 00:00:00,refund,refunded,-836.0,,0
900331,500254,2026-02-13 01:00:00,card,failed,0.0,,0
900332,500254,2026-02-13 02:00:00,card,success,2996.58,,0
900333,500255,2026-01-11 01:00:00,loyalty_card,success,4404.03,C70059,10
900334,500256,2026-04-13 01:00:00,card,success,1406.45,,0
900335,500257,2026-03-09 01:00:00,installment,success,895.72,,0
900336,500257,2026-03-16 00:00:00,installment,success,1141.28,,0
900337,500258,2026-04-25 01:00:00,points,success,0.0,C70075,100
900338,500259,2026-01-01 01:00:00,card,success,5541.12,,0
900339,500259,2026-01-02 00:00:00,refund,refunded,-2770.56,,0
900340,500260,2026-04-02 01:00:00,card,success,4368.54,,0
900341,500262,2026-01-24 01:00:00,card,failed,0.0,,0
900342,500263,2026-04-09 01:00:00,installment,success,755.55,,0
900343,500263,2026-04-16 00:00:00,installment,pending,0.0,,0
900344,500264,2026-01-13 01:00:00,card,success,5473.88,,0
900345,500266,2026-04-08 01:00:00,loyalty_card,success,2373.48,C70079,0
900346,500267,2026-01-11 01:00:00,installment,success,952.06,,0
900347,500267,2026-01-18 00:00:00,installment,success,1633.85,,0
900348,500269,2026-02-20 01:00:00,card,success,2006.19,,0
900349,500270,2026-01-17 01:00:00,installment,success,2637.6,,0
900350,500270,2026-01-24 00:00:00,installment,success,4804.75,,0
900351,500271,2026-04-09 01:00:00,card,success,2130.48,,0
900352,500272,2026-03-23 01:00:00,card,success,661.6,,0
900353,500272,2026-03-24 00:00:00,refund,refunded,-661.6,,0
900354,500274,2026-03-27 01:00:00,loyalty_card,success,3146.22,,0
900355,500275,2026-01-24 01:00:00,card,success,1492.23,,0
900356,500275,2026-01-25 00:00:00,refund,refunded,-746.12,,0
900357,500276,2026-01-19 01:00:00,card,failed,0.0,,0
900358,500276,2026-01-19 02:00:00,card,success,3735.52,,0
900359,500277,2026-02-06 01:00:00,card,success,6089.42,,0
900360,500278,2026-04-13 01:00:00,card,success,2621.18,,0
900361,500279,2026-03-26 01:00:00,loyalty_card,success,262.51,C70050,0
900362,500280,2026-01-08 01:00:00,cash,success,5001.15,,0
900363,500281,2026-01-28 01:00:00,cash,success,8205.11,,0
900364,500282,2026-01-05 01:00:00,card,failed,0.0,,0
900365,500282,2026-01-05 02:00:00,card,success,4051.37,,0
900366,500283,2026-01-17 01:00:00,card,success,1298.1,,0
900367,500284,2026-04-11 01:00:00,points,success,0.0,C70015,10
900368,500286,2026-04-28 01:00:00,card,failed,0.0,,0
900369,500286,2026-04-28 02:00:00,card,success,1533.09,,0
900370,500287,2026-01-19 01:00:00,card,success,1980.34,,0
900371,500288,2026-03-05 01:00:00,card,success,3750.35,,0
900372,500290,2026-04-27 01:00:00,card,success,4401.27,,0
900373,500291,2026-04-08 01:00:00,card,success,3937.23,,0
900374,500292,2026-01-11 01:00:00,card,failed,0.0,,0
900375,500294,2026-02-14 01:00:00,cash,success,3318.17,,0
900376,500295,2026-02-16 01:00:00,card,failed,0.0,,0
900377,500296,2026-01-12 01:00:00,installment,success,5820.33,,0
900378,500296,2026-01-19 00:00:00,installment,success,3338.5,,0
900379,500297,2026-04-28 01:00:00,card,failed,0.0,,0
900380,500297,2026-04-28 02:00:00,card,success,472.3,,0
900381,500298,2026-01-21 01:00:00,card,failed,0.0,,0
900382,500298,2026-01-21 02:00:00,card,success,6962.96,,0
900383,500299,2026-04-28 01:00:00,loyalty_card,success,481.38,C70147,0
900384,500300,2026-01-11 01:00:00,card,success,342.63,,0
900385,500301,2026-04-13 01:00:00,loyalty_card,success,750.44,,0
900386,500302,2026-04-02 01:00:00,loyalty_card,success,5270.75,C70160,20
900387,500303,2026-01-05 01:00:00,card,success,2135.93,,0
900388,500303,2026-01-06 00:00:00,refund,refunded,-1067.96,,0
900389,500304,2026-03-22 01:00:00,cash,success,645.18,,0
900390,500305,2026-02-25 01:00:00,cash,success,5164.85,,0
900391,500306,2026-01-20 01:00:00,cash,success,1978.58,,0
900392,500308,2026-02-15 01:00:00,cash,success,2573.45,,0
900393,500309,2026-01-12 01:00:00,card,success,1240.38,,0
900394,500310,2026-03-11 01:00:00,card,success,1845.11,,0
900395,500312,2026-04-25 01:00:00,card,failed,0.0,,0
900396,500312,2026-04-25 02:00:00,card,success,939.35,,0
900397,500313,2026-01-19 01:00:00,loyalty_card,success,870.07,,0
900398,500314,2026-01-26 01:00:00,loyalty_card,success,1247.32,,0
900399,500315,2026-02-17 01:00:00,cash,success,4144.96,,0
900400,500316,2026-04-18 01:00:00,points,success,0.0,C70096,10
900401,500317,2026-04-18 01:00:00,cash,success,2479.32,,0
900402,500318,2026-02-21 01:00:00,cash,success,1607.74,,0
900403,500319,2026-04-06 01:00:00,card,success,2835.14,,0
900404,500321,2026-02-24 01:00:00,card,failed,0.0,,0
900405,500321,2026-02-24 02:00:00,card,success,1385.32,,0
900406,500323,2026-04-12 01:00:00,card,success,2729.08,,0
900407,500324,2026-03-16 01:00:00,installment,success,1257.04,,0
900408,500324,2026-03-23 00:00:00,installment,success,2001.68,,0
900409,500325,2026-02-02 01:00:00,card,failed,0.0,,0
900410,500325,2026-02-02 02:00:00,card,success,3336.92,,0
900411,500326,2026-03-03 01:00:00,card,failed,0.0,,0
900412,500326,2026-03-03 02:00:00,card,success,3535.75,,0
900413,500327,2026-03-29 01:00:00,cash,success,1173.84,,0
900414,500328,2026-01-23 01:00:00,card,success,5914.35,,0
900415,500328,2026-01-24 00:00:00,refund,refunded,-591.44,,0
900416,500329,2026-01-15 01:00:00,card,success,2252.86,,0
900417,500330,2026-01-27 01:00:00,card,failed,0.0,,0
900418,500330,2026-01-27 02:00:00,card,success,4581.69,,0
900419,500331,2026-03-16 01:00:00,card,success,1815.78,,0
900420,500332,2026-03-05 01:00:00,card,failed,0.0,,0
900421,500332,2026-03-05 02:00:00,card,success,1640.03,,0
900422,500333,2026-04-25 01:00:00,loyalty_card,success,1969.52,C70117,10
900423,500334,2026-04-24 01:00:00,loyalty_card,success,4123.11,,0
900424,500335,2026-03-22 01:00:00,card,success,4686.06,,0
900425,500336,2026-02-20 01:00:00,loyalty_card,success,397.25,,0
900426,500337,2026-02-22 01:00:00,loyalty_card,success,1627.37,C70139,10
900427,500338,2026-03-19 01:00:00,card,success,4655.95,,0
900428,500339,2026-04-01 01:00:00,cash,success,3828.4,,0
900429,500340,2026-03-23 01:00:00,cash,success,1511.16,,0
900430,500341,2026-04-02 01:00:00,cash,success,60.38,,0
900431,500343,2026-02-16 01:00:00,installment,success,3236.3,,0
900432,500343,2026-02-23 00:00:00,installment,success,2447.13,,0
900433,500344,2026-04-21 01:00:00,loyalty_card,success,3521.31,C70112,0
900434,500345,2026-01-04 01:00:00,card,failed,0.0,,0
900435,500345,2026-01-04 02:00:00,card,success,377.97,,0
900436,500346,2026-01-07 01:00:00,card,failed,0.0,,0
900437,500346,2026-01-07 02:00:00,card,success,5538.84,,0
900438,500347,2026-04-19 01:00:00,card,success,3990.29,,0
900439,500348,2026-02-04 01:00:00,loyalty_card,success,1562.94,C70121,0
900440,500349,2026-02-17 01:00:00,card,success,1364.35,,0
900441,500350,2026-03-14 01:00:00,cash,success,3656.36,,0
900442,500351,2026-03-13 01:00:00,card,success,149.38,,0
900443,500352,2026-04-26 01:00:00,card,failed,0.0,,0
900444,500352,2026-04-26 02:00:00,card,success,1797.35,,0
900445,500353,2026-02-14 01:00:00,installment,success,365.66,,0
900446,500353,2026-02-21 00:00:00,installment,pending,0.0,,0
900447,500355,2026-03-22 01:00:00,cash,success,1776.27,,0
900448,500356,2026-04-23 01:00:00,card,success,1327.83,,0
900449,500357,2026-04-07 01:00:00,card,success,1747.97,,0
900450,500358,2026-04-06 01:00:00,card,failed,0.0,,0
900451,500358,2026-04-06 02:00:00,card,success,5460.01,,0
900452,500359,2026-03-13 01:00:00,installment,success,1146.57,,0
900453,500359,2026-03-20 00:00:00,installment,success,942.17,,0
900454,500360,2026-01-19 01:00:00,loyalty_card,success,103.24,C70082,0
900455,500361,2026-03-04 01:00:00,cash,success,3177.66,,0
900456,500362,2026-02-07 01:00:00,cash,success,2757.27,,0
900457,500363,2026-03-08 01:00:00,card,success,759.26,,0
900458,500364,2026-02-28 01:00:00,cash,success,5366.43,,0
900459,500365,2026-03-10 01:00:00,cash,success,4077.02,,0
900460,500366,2026-01-13 01:00:00,points,success,0.0,C70093,100
900461,500367,2026-02-16 01:00:00,installment,success,925.79,,0
900462,500367,2026-02-23 00:00:00,installment,pending,0.0,,0
900463,500368,2026-04-20 01:00:00,card,failed,0.0,,0
900464,500368,2026-04-20 02:00:00,card,success,2778.72,,0
900465,500369,2026-03-02 01:00:00,card,success,3677.48,,0
900466,500370,2026-01-01 01:00:00,card,failed,0.0,,0
900467,500370,2026-01-01 02:00:00,card,success,2512.31,,0
900468,500371,2026-04-29 01:00:00,card,failed,0.0,,0
900469,500372,2026-03-21 01:00:00,card,failed,0.0,,0
900470,500372,2026-03-21 02:00:00,card,success,1287.4,,0
900471,500373,2026-04-24 01:00:00,loyalty_card,success,1241.66,,0
900472,500374,2026-04-06 01:00:00,card,success,975.76,,0
900473,500375,2026-01-22 01:00:00,installment,success,549.77,,0
900474,500375,2026-01-29 00:00:00,installment,success,351.17,,0
900475,500377,2026-03-27 01:00:00,card,success,1734.68,,0
900476,500378,2026-02-12 01:00:00,card,success,5973.39,,0
900477,500379,2026-03-08 01:00:00,installment,success,2317.91,,0
900478,500379,2026-03-15 00:00:00,installment,success,3808.08,,0
900479,500380,2026-02-23 01:00:00,card,success,381.64,,0
900480,500381,2026-01-10 01:00:00,loyalty_card,success,5074.27,,0
900481,500382,2026-02-11 01:00:00,installment,success,629.89,,0
900482,500382,2026-02-18 00:00:00,installment,pending,0.0,,0
900483,500383,2026-03-05 01:00:00,card,success,3476.66,,0
900484,500384,2026-01-21 01:00:00,card,success,834.93,,0
900485,500385,2026-03-21 01:00:00,cash,success,302.12,,0
900486,500386,2026-03-17 01:00:00,installment,success,286.07,,0
900487,500386,2026-03-24 00:00:00,installment,success,229.87,,0
900488,500387,2026-03-07 01:00:00,cash,success,1655.68,,0
900489,500388,2026-02-10 01:00:00,card,success,1897.59,,0
900490,500389,2026-01-24 01:00:00,card,success,1874.27,,0
900491,500390,2026-02-04 01:00:00,card,success,1839.93,,0
900492,500390,2026-02-05 00:00:00,refund,refunded,-1839.93,,0
900493,500392,2026-01-30 01:00:00,card,failed,0.0,,0
900494,500392,2026-01-30 02:00:00,card,success,182.33,,0
900495,500393,2026-02-26 01:00:00,card,success,2038.1,,0
900496,500394,2026-04-04 01:00:00,card,success,1950.0,,0
900497,500395,2026-02-16 01:00:00,card,success,7681.18,,0
900498,500395,2026-02-17 00:00:00,refund,refunded,-768.12,,0
900499,500396,2026-02-04 01:00:00,card,success,2493.48,,0
900500,500396,2026-02-05 00:00:00,refund,refunded,-249.35,,0
900501,500397,2026-01-19 01:00:00,card,failed,0.0,,0
900502,500397,2026-01-19 02:00:00,card,success,4698.82,,0
900503,500398,2026-04-24 01:00:00,cash,success,3643.14,,0
900504,500399,2026-01-08 01:00:00,cash,success,3481.15,,0
900505,500400,2026-01-26 01:00:00,loyalty_card,success,1166.08,,0
900506,500403,2026-03-12 01:00:00,loyalty_card,success,1319.72,,0
900507,500404,2026-01-30 01:00:00,card,success,5685.07,,0
900508,500405,2026-01-07 01:00:00,card,success,3061.21,,0
900509,500406,2026-03-08 01:00:00,card,success,2349.5,,0
900510,500407,2026-03-06 01:00:00,card,success,3248.33,,0
900511,500408,2026-02-05 01:00:00,installment,success,1588.95,,0
900512,500408,2026-02-12 00:00:00,installment,pending,0.0,,0
900513,500409,2026-01-25 01:00:00,cash,success,1345.52,,0
900514,500410,2026-02-06 01:00:00,card,failed,0.0,,0
900515,500410,2026-02-06 02:00:00,card,success,3664.22,,0
900516,500411,2026-01-01 01:00:00,installment,success,1379.25,,0
900517,500411,2026-01-08 00:00:00,installment,PENDING,0.0,,0
900518,500412,2026-01-15 01:00:00,card,failed,0.0,,0
900519,500412,2026-01-15 02:00:00,card,success,2476.49,,0
900520,500414,2026-01-13 01:00:00,card,success,642.49,,0
900521,500415,2026-04-14 01:00:00,card,failed,0.0,,0
900522,500415,2026-04-14 02:00:00,card,success,3706.12,,0
900523,500416,2026-01-08 01:00:00,card,failed,0.0,,0
900524,500416,2026-01-08 02:00:00,card,success,357.06,,0
900525,500417,2026-01-05 01:00:00,cash,success,3609.33,,0
900526,500418,2026-03-01 01:00:00,loyalty_card,success,6693.43,,0
900527,500419,2026-03-14 01:00:00,card,success,3330.31,,0
900528,500420,2026-01-01 01:00:00,cash,success,2670.87,,0
900529,500421,2026-02-05 01:00:00,cash,success,3549.06,,0
900530,500422,2026-02-04 01:00:00,card,success,3646.68,,0
900531,500423,2026-03-07 01:00:00,card,success,6035.99,,0
900532,500424,2026-03-04 01:00:00,card,success,1942.8,,0
900533,500425,2026-04-14 01:00:00,card,success,1534.13,,0
900534,500428,2026-02-03 01:00:00,card,success,1350.06,,0
900535,500429,2026-02-15 01:00:00,card,failed,0.0,,0
900536,500429,2026-02-15 02:00:00,card,success,2211.82,,0
900537,500430,2026-03-19 01:00:00,cash,success,2368.43,,0
900538,500431,2026-01-04 01:00:00,card,success,824.38,,0
900539,500432,2026-01-30 01:00:00,card,failed,0.0,,0
900540,500432,2026-01-30 02:00:00,card,success,291.67,,0
900541,500433,2026-04-05 01:00:00,loyalty_card,success,5280.05,C70033,0
900542,500434,2026-04-12 01:00:00,card,success,3125.17,,0
900543,500435,2026-03-16 01:00:00,loyalty_card,success,1081.3,,0
900544,500436,2026-01-01 01:00:00,card,failed,0.0,,0
900545,500436,2026-01-01 02:00:00,card,success,3054.42,,0
900546,500437,2026-03-13 01:00:00,card,failed,0.0,,0
900547,500437,2026-03-13 02:00:00,card,success,3435.49,,0
900548,500439,2026-01-14 01:00:00,card,failed,0.0,,0
900549,500440,2026-03-01 01:00:00,card,success,2487.61,,0
900550,500441,2026-03-18 01:00:00,card,success,4117.22,,0
900551,500443,2026-04-06 01:00:00,cash,success,4176.9,,0
900552,500444,2026-02-03 01:00:00,installment,success,695.42,,0
900553,500444,2026-02-10 00:00:00,installment,pending,0.0,,0
900554,500445,2026-02-14 01:00:00,card,success,1589.45,,0
900555,500446,2026-03-02 01:00:00,card,success,748.29,,0
900556,500447,2026-03-24 01:00:00,card,success,1051.02,,0
900557,500448,2026-04-12 01:00:00,card,success,1445.82,,0
900558,500448,2026-04-13 00:00:00,refund,refunded,-144.58,,0
900559,500449,2026-01-16 01:00:00,cash,success,633.82,,0
900560,500450,2026-03-07 01:00:00,cash,success,6607.55,,0
900561,500451,2026-02-09 01:00:00,card,success,4555.49,,0
900562,500451,2026-02-10 00:00:00,refund,refunded,-4555.49,,0
900563,500452,2026-01-17 01:00:00,card,failed,0.0,,0
900564,500452,2026-01-17 02:00:00,card,success,1485.15,,0
900565,500453,2026-04-29 01:00:00,points,success,0.0,C70152,20
900566,500454,2026-02-03 01:00:00,installment,success,1146.36,,0
900567,500454,2026-02-10 00:00:00,installment,success,1556.04,,0
900568,500455,2026-04-16 01:00:00,card,failed,0.0,,0
900569,500455,2026-04-16 02:00:00,card,success,2692.06,,0
900570,500456,2026-01-16 01:00:00,card,failed,0.0,,0
900571,500456,2026-01-16 02:00:00,card,success,4785.81,,0
900572,500457,2026-04-12 01:00:00,loyalty_card,success,2765.08,,0
900573,500458,2026-03-01 01:00:00,cash,success,4426.05,,0
900574,500459,2026-03-07 01:00:00,card,success,5643.16,,0
900575,500460,2026-03-07 01:00:00,card,success,594.7,,0
900576,500461,2026-03-31 01:00:00,card,success,131.69,,0
900577,500462,2026-01-13 01:00:00,installment,success,1184.42,,0
900578,500462,2026-01-20 00:00:00,installment,success,1525.26,,0
900579,500463,2026-02-25 01:00:00,card,success,4028.13,,0
900580,500464,2026-04-21 01:00:00,card,FAILED,0.0,,0
900581,500464,2026-04-21 02:00:00,card,success,4124.45,,0
900582,500465,2026-01-31 01:00:00,card,success,3695.99,,0
900583,500466,2026-02-03 01:00:00,installment,success,1059.99,,0
900584,500466,2026-02-10 00:00:00,installment,success,616.66,,0
900585,500467,2026-02-08 01:00:00,card,success,3063.72,,0
900586,500468,2026-03-08 01:00:00,cash,success,160.29,,0
900587,500469,2026-01-08 01:00:00,card,success,5009.35,,0
900588,500470,2026-03-28 01:00:00,loyalty_card,success,4828.62,C70039,5
900589,500471,2026-03-19 01:00:00,card,success,1884.09,,0
900590,500472,2026-04-30 01:00:00,card,failed,0.0,,0
900591,500472,2026-04-30 02:00:00,card,success,3962.63,,0
900592,500473,2026-02-24 01:00:00,card,success,962.68,,0
900593,500473,2026-02-25 00:00:00,refund,refunded,-962.68,,0
900594,500474,2026-01-27 01:00:00,card,success,3001.98,,0
900595,500474,2026-01-28 00:00:00,refund,refunded,-3001.98,,0
900596,500475,2026-04-28 01:00:00,installment,success,2959.95,,0
900597,500475,2026-05-05 00:00:00,installment,success,1719.63,,0
900598,500476,2026-04-03 01:00:00,card,failed,0.0,,0
900599,500476,2026-04-03 02:00:00,card,success,2252.01,,0
900600,500477,2026-04-13 01:00:00,loyalty_card,success,5154.08,,0
900601,500478,2026-02-22 01:00:00,card,success,193.39,,0
900602,500479,2026-02-08 01:00:00,cash,success,5662.7,,0
900603,500480,2026-03-06 01:00:00,card,success,152.28,,0
900604,500482,2026-04-15 01:00:00,installment,success,1234.79,,0
900605,500482,2026-04-22 00:00:00,installment,pending,0.0,,0
900606,500483,2026-01-30 01:00:00,cash,SUCCESS,1618.7,,0
900607,500484,2026-02-22 01:00:00,card,failed,0.0,,0
900608,500484,2026-02-22 02:00:00,card,success,242.3,,0
900609,500485,2026-01-13 01:00:00,cash,success,409.5,,0
900610,500486,2026-01-21 01:00:00,card,success,4894.56,,0
900611,500486,2026-01-22 00:00:00,refund,refunded,-489.46,,0
900612,500487,2026-01-19 01:00:00,card,success,2467.01,,0
900613,500487,2026-01-20 00:00:00,refund,refunded,-1233.51,,0
900614,500488,2026-02-22 01:00:00,cash,success,880.42,,0
900615,500489,2026-01-19 01:00:00,installment,success,2744.67,,0
900616,500489,2026-01-26 00:00:00,installment,success,4501.77,,0
900617,500490,2026-02-26 01:00:00,card,failed,0.0,,0
900618,500491,2026-01-25 01:00:00,cash,success,4618.69,,0
900619,500492,2026-03-27 01:00:00,installment,success,1401.21,,0
900620,500492,2026-04-03 00:00:00,installment,success,1602.86,,0
900621,500493,2026-01-31 01:00:00,cash,SUCCESS,2211.91,,0
900622,500494,2026-03-22 01:00:00,installment,success,1341.77,,0
900623,500494,2026-03-29 00:00:00,installment,success,941.89,,0
900624,500495,2026-02-24 01:00:00,cash,success,4631.3,,0
900625,500496,2026-01-23 01:00:00,loyalty_card,success,1036.14,,0
900626,500497,2026-02-01 01:00:00,installment,success,812.57,,0
900627,500497,2026-02-08 00:00:00,installment,success,648.71,,0
900628,500498,2026-03-03 01:00:00,loyalty_card,success,4521.37,C70030,0
900629,500499,2026-03-15 01:00:00,card,success,2373.43,,0
900630,500500,2026-01-10 01:00:00,card,success,4479.35,,0
900631,500501,2026-04-10 01:00:00,loyalty_card,success,112.51,C70075,20
900632,500502,2026-03-13 01:00:00,card,success,4474.0,,0
900633,500503,2026-02-23 01:00:00,card,success,2293.38,,0
900634,500504,2026-02-21 01:00:00,cash,success,733.27,,0
900635,500505,2026-01-20 01:00:00,cash,success,5400.83,,0
900636,500506,2026-02-01 01:00:00,card,failed,0.0,,0
900637,500506,2026-02-01 02:00:00,card,success,2404.96,,0
900638,500507,2026-04-24 01:00:00,card,failed,0.0,,0
900639,500507,2026-04-24 02:00:00,card,success,4940.96,,0
900640,500508,2026-01-14 01:00:00,card,failed,0.0,,0
900641,500508,2026-01-14 02:00:00,card,success,1578.05,,0
900642,500509,2026-02-19 01:00:00,cash,success,970.98,,0
900643,500511,2026-04-20 01:00:00,card,failed,0.0,,0
900644,500511,2026-04-20 02:00:00,card,success,2909.05,,0
900645,500512,2026-04-26 01:00:00,card,success,4903.58,,0
900646,500513,2026-02-22 01:00:00,cash,success,1810.63,,0
900647,500514,2026-01-24 01:00:00,cash,success,1509.26,,0
900648,500515,2026-03-20 01:00:00,cash,success,2561.68,,0
900649,500516,2026-01-22 01:00:00,card,success,1551.64,,0
900650,500517,2026-01-30 01:00:00,loyalty_card,success,464.56,,0
900651,500518,2026-03-04 01:00:00,card,failed,0.0,,0
900652,500518,2026-03-04 02:00:00,card,success,19.41,,0
900653,500519,2026-01-04 01:00:00,card,failed,0.0,,0
900654,500520,2026-03-18 01:00:00,loyalty_card,success,1276.15,C70093,20
900655,500521,2026-02-28 01:00:00,card,success,1636.92,,0
900656,500522,2026-03-28 01:00:00,loyalty_card,success,1370.48,C70167,0
900657,500523,2026-01-08 01:00:00,card,success,3686.7,,0
900658,500524,2026-03-23 01:00:00,card,success,3458.41,,0
900659,500525,2026-01-12 01:00:00,card,success,1287.36,,0
900660,500525,2026-01-13 00:00:00,refund,refunded,-321.84,,0
900661,500526,2026-04-29 01:00:00,card,failed,0.0,,0
900662,500527,2026-01-31 01:00:00,card,failed,0.0,,0
900663,500527,2026-01-31 02:00:00,card,success,3411.06,,0
900664,500528,2026-03-19 01:00:00,card,success,1043.39,,0
900665,500529,2026-02-03 01:00:00,loyalty_card,success,2079.4,C70069,0
900666,500530,2026-03-23 01:00:00,card,failed,0.0,,0
900667,500531,2026-04-30 01:00:00,installment,success,1172.2,,0
900668,500531,2026-05-07 00:00:00,installment,success,789.27,,0
900669,500532,2026-04-08 01:00:00,cash,success,2342.03,,0
900670,500533,2026-03-16 01:00:00,card,success,4979.75,,0
900671,500534,2026-04-15 01:00:00,installment,success,1537.76,,0
900672,500534,2026-04-22 00:00:00,installment,pending,0.0,,0
900673,500535,2026-03-17 01:00:00,card,success,3309.61,,0
900674,500536,2026-02-18 01:00:00,card,success,3390.11,,0
900675,500536,2026-02-19 00:00:00,refund,refunded,-339.01,,0
900676,500537,2026-03-20 01:00:00,points,success,0.0,C70031,100
900677,500538,2026-02-26 01:00:00,cash,success,4264.08,,0
900678,500539,2026-04-05 01:00:00,card,failed,0.0,,0
900679,500540,2026-04-23 01:00:00,card,success,357.17,,0
900680,500541,2026-04-03 01:00:00,card,success,3498.59,,0
900681,500542,2026-01-26 01:00:00,points,success,0.0,C70029,50
900682,500543,2026-01-18 01:00:00,points,success,0.0,C70099,10
900683,500544,2026-04-06 01:00:00,card,success,4130.44,,0
900684,500545,2026-03-27 01:00:00,card,failed,0.0,,0
900685,500545,2026-03-27 02:00:00,card,success,5185.4,,0
900686,500546,2026-02-07 01:00:00,card,failed,0.0,,0
900687,500546,2026-02-07 02:00:00,card,success,2067.83,,0
900688,500547,2026-03-22 01:00:00,card,success,4712.31,,0
900689,500547,2026-03-23 00:00:00,refund,refunded,-4712.31,,0
900690,500548,2026-03-28 01:00:00,points,success,0.0,C70108,20
900691,500549,2026-03-29 01:00:00,installment,success,1856.44,,0
900692,500549,2026-04-05 00:00:00,installment,success,2011.22,,0
900693,500550,2026-02-19 01:00:00,card,success,3848.98,,0
900694,500551,2026-01-08 01:00:00,card,failed,0.0,,0
900695,500551,2026-01-08 02:00:00,card,success,1362.89,,0
900696,500552,2026-02-10 01:00:00,card,failed,0.0,,0
900697,500552,2026-02-10 02:00:00,card,success,4855.62,,0
900698,500553,2026-01-06 01:00:00,card,failed,0.0,,0
900699,500553,2026-01-06 02:00:00,card,success,3961.09,,0
900700,500554,2026-03-10 01:00:00,installment,success,187.78,,0
900701,500554,2026-03-17 00:00:00,installment,success,271.32,,0
900702,500555,2026-02-13 01:00:00,cash,success,4524.41,,0
900703,500556,2026-03-05 01:00:00,card,failed,0.0,,0
900704,500556,2026-03-05 02:00:00,card,success,1713.28,,0
900705,500558,2026-01-28 01:00:00,loyalty_card,success,3612.88,C70003,0
900706,500559,2026-01-11 01:00:00,card,success,551.72,,0
900707,500560,2026-03-06 01:00:00,installment,success,1263.87,,0
900708,500560,2026-03-13 00:00:00,installment,success,1277.39,,0
900709,500561,2026-04-17 01:00:00,card,failed,0.0,,0
900710,500561,2026-04-17 02:00:00,card,success,1082.78,,0
900711,500562,2026-01-19 01:00:00,card,success,575.98,,0
900712,500562,2026-01-20 00:00:00,refund,refunded,-57.6,,0
900713,500563,2026-01-09 01:00:00,cash,success,1086.3,,0
900714,500564,2026-01-27 01:00:00,cash,success,1281.76,,0
900715,500565,2026-02-03 01:00:00,loyalty_card,success,670.4,,0
900716,500566,2026-02-13 01:00:00,card,success,1283.73,,0
900717,500567,2026-03-09 01:00:00,card,success,4251.96,,0
900718,500568,2026-04-10 01:00:00,installment,success,84.28,,0
900719,500568,2026-04-17 00:00:00,installment,success,50.02,,0
900720,500569,2026-03-23 01:00:00,card,failed,0.0,,0
900721,500569,2026-03-23 02:00:00,card,success,4074.8,,0
900722,500570,2026-01-15 01:00:00,cash,success,3560.18,,0
900723,500571,2026-02-20 01:00:00,card,failed,0.0,,0
900724,500571,2026-02-20 02:00:00,card,success,704.42,,0
900725,500572,2026-01-13 01:00:00,card,success,3226.73,,0
900726,500573,2026-03-24 01:00:00,card,failed,0.0,,0
900727,500573,2026-03-24 02:00:00,card,success,212.5,,0
900728,500574,2026-02-18 01:00:00,card,failed,0.0,,0
900729,500574,2026-02-18 02:00:00,card,success,512.77,,0
900730,500575,2026-03-11 01:00:00,points,success,0.0,C70036,20
900731,500576,2026-04-22 01:00:00,card,success,790.88,,0
900732,500577,2026-02-25 01:00:00,card,failed,0.0,,0
900733,500577,2026-02-25 02:00:00,card,success,3357.34,,0
900734,500578,2026-03-17 01:00:00,installment,success,654.57,,0
900735,500578,2026-03-24 00:00:00,installment,success,603.33,,0
900736,500579,2026-02-20 01:00:00,card,success,1832.93,,0
900737,500579,2026-02-21 00:00:00,refund,refunded,-1832.93,,0
900738,500580,2026-02-06 01:00:00,loyalty_card,success,870.22,,0
900739,500581,2026-01-17 01:00:00,card,success,7160.49,,0
900740,500582,2026-02-27 01:00:00,points,success,0.0,C70103,50
900741,500583,2026-03-28 01:00:00,card,failed,0.0,,0
900742,500583,2026-03-28 02:00:00,card,success,1990.49,,0
900743,500584,2026-03-31 01:00:00,card,failed,0.0,,0
900744,500584,2026-03-31 02:00:00,card,success,2204.45,,0
900745,500585,2026-01-29 01:00:00,cash,success,960.82,,0
900746,500586,2026-02-02 01:00:00,card,success,885.13,,0
900747,500587,2026-03-01 01:00:00,card,success,2815.73,,0
900748,500588,2026-04-01 01:00:00,card,failed,0.0,,0
900749,500588,2026-04-01 02:00:00,card,success,1037.48,,0
900750,500589,2026-03-30 01:00:00,card,success,2186.68,,0
900751,500590,2026-04-30 01:00:00,card,failed,0.0,,0
900752,500590,2026-04-30 02:00:00,card,success,214.57,,0
900753,500592,2026-01-10 01:00:00,card,failed,0.0,,0
900754,500592,2026-01-10 02:00:00,card,success,845.62,,0
900755,500593,2026-02-16 01:00:00,card,success,1764.04,,0
900756,500594,2026-01-23 01:00:00,loyalty_card,success,3245.02,C70076,0
900757,500595,2026-03-26 01:00:00,installment,success,3641.3,,0
900758,500595,2026-04-02 00:00:00,installment,success,1975.05,,0
900759,500596,2026-01-21 01:00:00,card,success,168.58,,0
900760,500596,2026-01-22 00:00:00,refund,refunded,-42.14,,0
900761,500597,2026-04-17 01:00:00,cash,success,2748.15,,0
900762,500598,2026-01-13 01:00:00,card,failed,0.0,,0
900763,500598,2026-01-13 02:00:00,card,success,2785.72,,0
900764,500599,2026-04-11 01:00:00,card,success,2391.52,,0
900765,500600,2026-02-02 01:00:00,card,failed,0.0,,0
900766,500600,2026-02-02 02:00:00,card,success,125.91,,0
900767,500602,2026-04-18 01:00:00,cash,success,2952.32,,0
900768,500603,2026-01-11 01:00:00,card,success,4803.42,,0
900769,500604,2026-01-17 01:00:00,card,success,2125.56,,0
900770,500605,2026-03-09 01:00:00,card,success,5062.27,,0
900771,500605,2026-03-10 00:00:00,refund,refunded,-2531.14,,0
900772,500606,2026-02-16 01:00:00,loyalty_card,success,3602.84,,0
900773,500607,2026-01-25 01:00:00,cash,success,1631.07,,0
900774,500608,2026-01-01 01:00:00,card,success,5255.13,,0
900775,500609,2026-03-14 01:00:00,installment,success,790.84,,0
900776,500609,2026-03-21 00:00:00,installment,success,1095.87,,0
900777,500610,2026-01-21 01:00:00,card,success,2050.24,,0
900778,500610,2026-01-22 00:00:00,refund,refunded,-2050.24,,0
900779,500611,2026-03-25 01:00:00,card,success,3192.93,,0
900780,500611,2026-03-26 00:00:00,refund,refunded,-3192.93,,0
900781,500612,2026-03-24 01:00:00,card,success,4439.08,,0
900782,500612,2026-03-25 00:00:00,refund,refunded,-443.91,,0
900783,500613,2026-03-24 01:00:00,cash,success,1020.72,,0
900784,500614,2026-01-12 01:00:00,loyalty_card,success,3681.43,,0
900785,500615,2026-02-06 01:00:00,card,failed,0.0,,0
900786,500615,2026-02-06 02:00:00,card,success,853.39,,0
900787,500616,2026-02-11 01:00:00,card,success,2624.64,,0
900788,500617,2026-01-17 01:00:00,card,success,3495.46,,0
900789,500618,2026-04-11 01:00:00,card,failed,0.0,,0
900790,500618,2026-04-11 02:00:00,card,success,677.67,,0
900791,500619,2026-04-28 01:00:00,card,success,2606.05,,0
900792,500620,2026-02-17 01:00:00,card,failed,0.0,,0
900793,500620,2026-02-17 02:00:00,card,success,1381.22,,0
900794,500621,2026-04-13 01:00:00,cash,success,273.73,,0
900795,500623,2026-02-10 01:00:00,card,success,1555.28,,0
900796,500624,2026-04-09 01:00:00,card,success,674.29,,0
900797,500625,2026-02-16 01:00:00,card,success,2406.58,,0
900798,500626,2026-04-22 01:00:00,loyalty_card,success,2994.83,C70166,0
900799,500627,2026-01-18 01:00:00,card,failed,0.0,,0
900800,500627,2026-01-18 02:00:00,card,success,9348.82,,0
900801,500628,2026-03-19 01:00:00,card,failed,0.0,,0
900802,500628,2026-03-19 02:00:00,card,success,3334.03,,0
900803,500629,2026-04-09 01:00:00,card,success,3257.98,,0
900804,500630,2026-04-18 01:00:00,card,success,1956.8,,0
900805,500630,2026-04-19 00:00:00,refund,refunded,-1956.8,,0
900806,500631,2026-04-15 01:00:00,card,success,3027.21,,0
900807,500633,2026-04-15 01:00:00,card,failed,0.0,,0
900808,500633,2026-04-15 02:00:00,card,success,1867.18,,0
900809,500634,2026-01-13 01:00:00,card,failed,0.0,,0
900810,500634,2026-01-13 02:00:00,card,success,1425.28,,0
900811,500635,2026-03-23 01:00:00,card,success,1822.47,,0
900812,500636,2026-04-11 01:00:00,card,failed,0.0,,0
900813,500636,2026-04-11 02:00:00,card,success,3511.15,,0
900814,500637,2026-01-13 01:00:00,cash,success,3718.07,,0
900815,500638,2026-04-10 01:00:00,card,success,477.04,,0
900816,500639,2026-01-31 01:00:00,card,success,593.4,,0
900817,500639,2026-02-01 00:00:00,refund,refunded,-296.7,,0
900818,500640,2026-01-02 01:00:00,cash,success,4407.34,,0
900819,500641,2026-01-16 01:00:00,card,success,179.41,,0
900820,500642,2026-01-09 01:00:00,installment,success,1656.11,,0
900821,500642,2026-01-16 00:00:00,installment,success,1122.17,,0
900822,500643,2026-03-14 01:00:00,card,success,2732.76,,0
900823,500644,2026-02-07 01:00:00,card,success,647.47,,0
900824,500645,2026-03-16 01:00:00,cash,success,1704.66,,0
900825,500646,2026-02-23 01:00:00,card,success,4478.1,,0
900826,500646,2026-02-24 00:00:00,refund,refunded,-2239.05,,0
900827,500648,2026-03-27 01:00:00,card,failed,0.0,,0
900828,500648,2026-03-27 02:00:00,card,success,1787.66,,0
900829,500649,2026-04-07 01:00:00,card,success,2914.09,,0
900830,500650,2026-04-10 01:00:00,installment,success,202.28,,0
900831,500650,2026-04-17 00:00:00,installment,pending,0.0,,0
900832,500651,2026-04-19 01:00:00,cash,success,283.8,,0
900833,500652,2026-03-28 01:00:00,card,failed,0.0,,0
900834,500652,2026-03-28 02:00:00,card,success,5409.31,,0
900835,500653,2026-02-14 01:00:00,cash,success,5566.0,,0
900836,500654,2026-04-19 01:00:00,installment,success,19.7,,0
900837,500654,2026-04-26 00:00:00,installment,success,20.98,,0
900838,500655,2026-02-03 01:00:00,loyalty_card,success,6051.14,,0
900839,500656,2026-01-09 01:00:00,card,success,2455.91,,0
900840,500657,2026-03-29 01:00:00,installment,success,453.02,,0
900841,500657,2026-04-05 00:00:00,installment,success,308.82,,0
900842,500658,2026-01-08 01:00:00,card,success,5969.47,,0
900843,500659,2026-01-07 01:00:00,installment,success,1311.94,,0
900844,500659,2026-01-14 00:00:00,installment,pending,0.0,,0
900845,500660,2026-02-05 01:00:00,card,success,5018.49,,0
900846,500661,2026-01-18 01:00:00,card,failed,0.0,,0
900847,500661,2026-01-18 02:00:00,card,success,179.63,,0
900848,500662,2026-01-03 01:00:00,loyalty_card,SUCCESS,7112.15,C70116,5
900849,500663,2026-01-01 01:00:00,card,failed,0.0,,0
900850,500663,2026-01-01 02:00:00,card,success,2460.67,,0
900851,500664,2026-03-11 01:00:00,card,failed,0.0,,0
900852,500664,2026-03-11 02:00:00,card,success,5812.78,,0
900853,500666,2026-02-13 01:00:00,points,success,0.0,C70157,50
900854,500667,2026-01-21 01:00:00,card,failed,0.0,,0
900855,500667,2026-01-21 02:00:00,card,success,3979.58,,0
900856,500668,2026-01-28 01:00:00,card,failed,0.0,,0
900857,500669,2026-04-14 01:00:00,cash,success,2908.71,,0
900858,500670,2026-02-23 01:00:00,installment,success,1707.66,,0
900859,500670,2026-03-02 00:00:00,installment,success,1407.11,,0
900860,500671,2026-02-23 01:00:00,loyalty_card,success,2580.83,C70022,10
900861,500672,2026-03-06 01:00:00,installment,success,378.36,,0
900862,500672,2026-03-13 00:00:00,installment,success,465.08,,0
900863,500673,2026-04-10 01:00:00,card,success,483.65,,0
900864,500673,2026-04-11 00:00:00,refund,refunded,-241.82,,0
900865,500675,2026-04-17 01:00:00,installment,success,416.78,,0
900866,500675,2026-04-24 00:00:00,installment,success,513.92,,0
900867,500676,2026-04-09 01:00:00,installment,success,2099.28,,0
900868,500676,2026-04-16 00:00:00,installment,success,2755.36,,0
900869,500677,2026-01-13 01:00:00,card,FAILED,0.0,,0
900870,500678,2026-02-26 01:00:00,cash,success,1328.04,,0
900871,500679,2026-02-18 01:00:00,card,failed,0.0,,0
900872,500679,2026-02-18 02:00:00,card,success,1607.99,,0
900873,500680,2026-04-28 01:00:00,card,success,4715.09,,0
900874,500681,2026-02-23 01:00:00,card,failed,0.0,,0
900875,500681,2026-02-23 02:00:00,card,success,2705.5,,0
900876,500682,2026-01-10 01:00:00,card,success,673.02,,0
900877,500682,2026-01-11 00:00:00,refund,refunded,-336.51,,0
900878,500683,2026-02-22 01:00:00,card,success,6411.45,,0
900879,500684,2026-02-13 01:00:00,card,failed,0.0,,0
900880,500685,2026-02-16 01:00:00,cash,success,901.27,,0
900881,500686,2026-02-22 01:00:00,card,success,421.48,,0
900882,500686,2026-02-23 00:00:00,refund,refunded,-210.74,,0
900883,500687,2026-03-15 01:00:00,card,success,3943.96,,0
900884,500688,2026-02-15 01:00:00,card,success,620.67,,0
900885,500688,2026-02-16 00:00:00,refund,refunded,-155.17,,0
900886,500690,2026-02-06 01:00:00,card,failed,0.0,,0
900887,500691,2026-04-12 01:00:00,card,success,1887.64,,0
900888,500693,2026-01-02 01:00:00,card,failed,0.0,,0
900889,500693,2026-01-02 02:00:00,card,success,2537.34,,0
900890,500694,2026-03-27 01:00:00,installment,success,1194.19,,0
900891,500694,2026-04-03 00:00:00,installment,pending,0.0,,0
900892,500696,2026-04-10 01:00:00,card,success,2798.06,,0
900893,500697,2026-01-14 01:00:00,installment,success,660.09,,0
900894,500697,2026-01-21 00:00:00,installment,success,966.88,,0
900895,500698,2026-01-10 01:00:00,card,success,3511.86,,0
900896,500699,2026-02-04 01:00:00,cash,SUCCESS,3412.64,,0
900897,500700,2026-01-25 01:00:00,card,success,963.92,,0
900898,500701,2026-01-03 01:00:00,card,success,1314.44,,0
900899,500702,2026-04-21 01:00:00,card,failed,0.0,,0
900900,500702,2026-04-21 02:00:00,card,success,4485.53,,0
900901,500704,2026-01-17 01:00:00,cash,success,245.74,,0
900902,500705,2026-01-12 01:00:00,cash,success,3788.58,,0
900903,500706,2026-02-23 01:00:00,cash,success,510.26,,0
900904,500707,2026-04-26 01:00:00,card,failed,0.0,,0
900905,500708,2026-01-24 01:00:00,card,success,5124.57,,0
900906,500710,2026-02-12 01:00:00,loyalty_card,success,243.62,C70110,20
900907,500711,2026-01-25 01:00:00,installment,success,427.03,,0
900908,500711,2026-02-01 00:00:00,installment,success,720.53,,0
900909,500712,2026-04-10 01:00:00,points,success,0.0,C70124,50
900910,500713,2026-03-01 01:00:00,loyalty_card,success,876.32,,0
900911,500714,2026-03-31 01:00:00,card,success,7551.77,,0
900912,500715,2026-04-12 01:00:00,cash,success,1451.5,,0
900913,500718,2026-04-29 01:00:00,loyalty_card,success,2533.13,,0
900914,500719,2026-01-28 01:00:00,card,failed,0.0,,0
900915,500720,2026-01-16 01:00:00,card,failed,0.0,,0
900916,500720,2026-01-16 02:00:00,card,success,2235.86,,0
900917,500722,2026-03-22 01:00:00,card,success,909.46,,0
900918,500722,2026-03-23 00:00:00,refund,refunded,-909.46,,0
900919,500723,2026-04-14 01:00:00,cash,success,4281.6,,0
900920,500724,2026-04-02 01:00:00,card,success,1828.28,,0
900921,500725,2026-02-27 01:00:00,cash,success,1396.85,,0
900922,500726,2026-03-17 01:00:00,card,success,590.38,,0
900923,500727,2026-01-27 01:00:00,loyalty_card,success,1644.02,C70042,0
900924,500728,2026-04-28 01:00:00,card,success,3784.61,,0
900925,500729,2026-02-22 01:00:00,card,success,4721.79,,0
900926,500729,2026-02-23 00:00:00,refund,refunded,-472.18,,0
900927,500730,2026-02-11 01:00:00,card,success,6722.47,,0
900928,500731,2026-02-28 01:00:00,card,success,6195.04,,0
900929,500732,2026-02-16 01:00:00,card,success,1575.12,,0
900930,500732,2026-02-17 00:00:00,refund,refunded,-157.51,,0
900931,500733,2026-04-04 01:00:00,card,failed,0.0,,0
900932,500733,2026-04-04 02:00:00,card,success,1884.39,,0
900933,500734,2026-04-15 01:00:00,card,failed,0.0,,0
900934,500734,2026-04-15 02:00:00,card,success,5204.33,,0
900935,500735,2026-02-03 01:00:00,card,success,4673.83,,0
900936,500735,2026-02-04 00:00:00,refund,refunded,-2336.92,,0
900937,500736,2026-02-06 01:00:00,card,success,2533.34,,0
900938,500737,2026-01-06 01:00:00,loyalty_card,success,1584.11,C70073,0
900939,500739,2026-04-06 01:00:00,card,success,3138.81,,0
900940,500739,2026-04-07 00:00:00,refund,refunded,-784.7,,0
900941,500740,2026-04-06 01:00:00,card,success,126.94,,0
900942,500741,2026-04-27 01:00:00,card,failed,0.0,,0
900943,500741,2026-04-27 02:00:00,card,success,2206.8,,0
900944,500742,2026-01-25 01:00:00,installment,success,206.43,,0
900945,500742,2026-02-01 00:00:00,installment,success,364.35,,0
900946,500743,2026-02-02 01:00:00,card,success,1204.31,,0
900947,500744,2026-02-24 01:00:00,card,success,6682.76,,0
900948,500745,2026-02-27 01:00:00,cash,success,2199.89,,0
900949,500746,2026-01-07 01:00:00,card,success,113.5,,0
900950,500747,2026-04-26 01:00:00,installment,success,1238.7,,0
900951,500747,2026-05-03 00:00:00,installment,success,2282.77,,0
900952,500748,2026-02-26 01:00:00,card,failed,0.0,,0
900953,500748,2026-02-26 02:00:00,card,success,366.28,,0
900954,500749,2026-01-12 01:00:00,card,success,1813.71,,0
900955,500750,2026-01-16 01:00:00,installment,success,76.38,,0
900956,500750,2026-01-23 00:00:00,installment,success,119.25,,0
900957,500751,2026-03-21 01:00:00,cash,success,168.27,,0
900958,500752,2026-02-12 01:00:00,card,success,3110.63,,0
900959,500752,2026-02-13 00:00:00,refund,refunded,-1555.32,,0
900960,500753,2026-04-27 01:00:00,card,success,1158.23,,0
900961,500754,2026-04-10 01:00:00,installment,success,1516.25,,0
900962,500754,2026-04-17 00:00:00,installment,success,1634.96,,0
900963,500755,2026-03-18 01:00:00,cash,success,983.32,,0
900964,500756,2026-01-07 01:00:00,card,success,1895.48,,0
900965,500757,2026-04-10 01:00:00,card,failed,0.0,,0
900966,500757,2026-04-10 02:00:00,card,success,4039.34,,0
900967,500758,2026-04-21 01:00:00,card,success,3924.58,,0
900968,500758,2026-04-22 00:00:00,refund,refunded,-392.46,,0
900969,500759,2026-02-20 01:00:00,cash,success,1884.93,,0
900970,500760,2026-03-14 01:00:00,cash,success,1955.66,,0
900971,500761,2026-02-01 01:00:00,card,failed,0.0,,0
900972,500761,2026-02-01 02:00:00,card,success,3044.28,,0
900973,500762,2026-03-16 01:00:00,installment,success,3020.49,,0
900974,500762,2026-03-23 00:00:00,installment,success,1649.56,,0
900975,500764,2026-04-07 01:00:00,cash,success,1099.48,,0
900976,500765,2026-03-28 01:00:00,installment,success,2345.35,,0
900977,500765,2026-04-04 00:00:00,installment,success,2979.73,,0
900978,500766,2026-03-30 01:00:00,card,success,175.93,,0
900979,500766,2026-03-31 00:00:00,refund,refunded,-87.96,,0
900980,500767,2026-04-30 01:00:00,card,success,2695.5,,0
900981,500768,2026-03-13 01:00:00,card,success,2241.64,,0
900982,500769,2026-02-14 01:00:00,card,success,1221.19,,0
900983,500770,2026-03-27 01:00:00,card,success,1503.45,,0
900984,500771,2026-02-28 01:00:00,card,success,485.32,,0
900985,500772,2026-01-04 01:00:00,points,success,0.0,C70008,50
900986,500773,2026-01-01 01:00:00,card,success,447.02,,0
900987,500774,2026-03-08 01:00:00,cash,success,790.65,,0
900988,500775,2026-01-29 01:00:00,installment,success,3136.42,,0
900989,500775,2026-02-05 00:00:00,installment,success,2170.16,,0
900990,500776,2026-04-15 01:00:00,installment,success,2054.71,,0
900991,500776,2026-04-22 00:00:00,installment,success,1984.96,,0
900992,500777,2026-01-29 01:00:00,card,success,316.36,,0
900993,500778,2026-04-08 01:00:00,card,success,2244.15,,0
900994,500779,2026-04-08 01:00:00,card,success,5137.53,,0
900995,500780,2026-01-28 01:00:00,cash,success,1460.44,,0
900996,500781,2026-03-18 01:00:00,card,success,1369.28,,0
900997,500781,2026-03-19 00:00:00,refund,refunded,-136.93,,0
900998,500782,2026-03-20 01:00:00,points,success,0.0,C70034,10
900999,500783,2026-03-28 01:00:00,cash,success,176.19,,0
901000,500784,2026-02-13 01:00:00,card,success,449.88,,0
901001,500784,2026-02-14 00:00:00,refund,refunded,-449.88,,0
901002,500785,2026-03-31 01:00:00,installment,success,659.72,,0
901003,500785,2026-04-07 00:00:00,installment,success,452.09,,0
901004,500786,2026-01-04 01:00:00,card,success,895.7,,0
901005,500787,2026-03-31 01:00:00,card,failed,0.0,,0
901006,500787,2026-03-31 02:00:00,card,success,2572.52,,0
901007,500788,2026-04-14 01:00:00,card,success,2599.46,,0
901008,500788,2026-04-15 00:00:00,refund,refunded,-649.86,,0
901009,500789,2026-01-09 01:00:00,card,success,4437.27,,0
901010,500790,2026-04-29 01:00:00,card,success,730.98,,0
901011,500791,2026-01-05 01:00:00,card,success,2970.33,,0
901012,500793,2026-04-06 01:00:00,loyalty_card,success,558.38,C70132,0
901013,500794,2026-03-25 01:00:00,loyalty_card,success,8401.31,,0
901014,500795,2026-02-19 01:00:00,card,success,2013.92,,0
901015,500795,2026-02-20 00:00:00,refund,refunded,-201.39,,0
901016,500796,2026-03-16 01:00:00,loyalty_card,success,2000.59,C70005,0
901017,500797,2026-01-15 01:00:00,card,success,155.14,,0
901018,500798,2026-02-01 01:00:00,loyalty_card,success,1256.37,,0
901019,500800,2026-01-22 01:00:00,cash,success,1723.83,,0
901020,500801,2026-04-15 01:00:00,card,success,4380.06,,0
901021,500802,2026-01-17 01:00:00,card,success,1865.52,,0
901022,500802,2026-01-18 00:00:00,refund,refunded,-1865.52,,0
901023,500803,2026-02-28 01:00:00,card,success,504.29,,0
901024,500805,2026-04-18 01:00:00,cash,success,2763.52,,0
901025,500806,2026-03-12 01:00:00,card,failed,0.0,,0
901026,500806,2026-03-12 02:00:00,card,success,706.49,,0
901027,500807,2026-04-16 01:00:00,card,failed,0.0,,0
901028,500807,2026-04-16 02:00:00,card,success,5171.7,,0
901029,500808,2026-02-26 01:00:00,loyalty_card,success,968.09,,0
901030,500809,2026-01-26 01:00:00,points,success,0.0,C70165,100
901031,500810,2026-01-25 01:00:00,loyalty_card,success,192.35,C70006,5
901032,500811,2026-01-10 01:00:00,card,failed,0.0,,0
901033,500811,2026-01-10 02:00:00,card,success,300.86,,0
901034,500812,2026-02-14 01:00:00,installment,success,2388.99,,0
901035,500812,2026-02-21 00:00:00,installment,success,1396.87,,0
901036,500813,2026-03-24 01:00:00,card,success,2836.4,,0
901037,500814,2026-01-11 01:00:00,loyalty_card,success,1598.78,C70115,10
901038,500816,2026-02-22 01:00:00,card,failed,0.0,,0
901039,500816,2026-02-22 02:00:00,card,success,405.8,,0
901040,500817,2026-03-13 01:00:00,card,failed,0.0,,0
901041,500817,2026-03-13 02:00:00,card,success,1791.3,,0
901042,500818,2026-04-14 01:00:00,card,failed,0.0,,0
901043,500818,2026-04-14 02:00:00,card,success,212.84,,0
901044,500819,2026-03-09 01:00:00,loyalty_card,success,4696.12,C70132,20
901045,500820,2026-04-21 01:00:00,loyalty_card,success,1899.49,,0
901046,500821,2026-04-05 01:00:00,card,failed,0.0,,0
901047,500821,2026-04-05 02:00:00,card,success,4414.87,,0
901048,500822,2026-01-28 01:00:00,cash,success,1864.92,,0
901049,500823,2026-03-16 01:00:00,card,success,1280.15,,0
901050,500824,2026-04-17 01:00:00,card,success,1891.51,,0
901051,500825,2026-03-06 01:00:00,card,success,5510.1,,0
901052,500825,2026-03-07 00:00:00,refund,refunded,-1377.52,,0
901053,500826,2026-02-18 01:00:00,loyalty_card,success,3416.04,,0
901054,500827,2026-02-16 01:00:00,card,failed,0.0,,0
901055,500827,2026-02-16 02:00:00,card,success,2118.24,,0
901056,500828,2026-02-21 01:00:00,card,failed,0.0,,0
901057,500828,2026-02-21 02:00:00,card,success,2271.78,,0
901058,500829,2026-04-12 01:00:00,loyalty_card,success,2521.89,C70011,0
901059,500830,2026-03-29 01:00:00,loyalty_card,success,3981.04,C70083,0
901060,500831,2026-02-23 01:00:00,loyalty_card,success,1019.65,C70039,0
901061,500832,2026-03-01 01:00:00,loyalty_card,success,2548.37,,0
901062,500834,2026-02-16 01:00:00,card,success,1774.08,,0
901063,500835,2026-01-31 01:00:00,card,success,2901.06,,0
901064,500836,2026-04-15 01:00:00,cash,success,635.38,,0
901065,500837,2026-02-15 01:00:00,card,success,1957.6,,0
901066,500838,2026-04-24 01:00:00,cash,success,3885.1,,0
901067,500839,2026-01-26 01:00:00,card,success,1245.59,,0
901068,500840,2026-04-23 01:00:00,installment,success,302.43,,0
901069,500840,2026-04-30 00:00:00,installment,pending,0.0,,0
901070,500841,2026-04-24 01:00:00,card,success,2489.1,,0
901071,500842,2026-01-05 01:00:00,cash,success,3204.28,,0
901072,500843,2026-03-25 01:00:00,cash,success,2898.46,,0
901073,500844,2026-02-21 01:00:00,installment,success,675.84,,0
901074,500844,2026-02-28 00:00:00,installment,success,1115.91,,0
901075,500845,2026-04-15 01:00:00,card,failed,0.0,,0
901076,500845,2026-04-15 02:00:00,card,success,2152.46,,0
901077,500846,2026-03-16 01:00:00,card,failed,0.0,,0
901078,500846,2026-03-16 02:00:00,card,success,2545.22,,0
901079,500849,2026-02-02 01:00:00,card,failed,0.0,,0
901080,500849,2026-02-02 02:00:00,card,success,4951.9,,0
901081,500850,2026-02-19 01:00:00,card,failed,0.0,,0
901082,500850,2026-02-19 02:00:00,card,success,623.98,,0
901083,500851,2026-02-07 01:00:00,cash,success,3059.26,,0
901084,500853,2026-04-08 01:00:00,card,success,266.19,,0
901085,500853,2026-04-09 00:00:00,refund,refunded,-26.62,,0
901086,500855,2026-04-06 01:00:00,card,success,2426.12,,0
901087,500855,2026-04-07 00:00:00,refund,refunded,-2426.12,,0
901088,500856,2026-03-02 01:00:00,installment,success,1178.66,,0
901089,500856,2026-03-09 00:00:00,installment,pending,0.0,,0
901090,500857,2026-01-21 01:00:00,card,success,4261.02,,0
901091,500858,2026-02-15 01:00:00,card,success,2201.38,,0
901092,500858,2026-02-16 00:00:00,refund,refunded,-2201.38,,0
901093,500859,2026-03-10 01:00:00,cash,success,3708.64,,0
901094,500860,2026-01-06 01:00:00,installment,success,1760.22,,0
901095,500860,2026-01-13 00:00:00,installment,pending,0.0,,0
901096,500861,2026-02-07 01:00:00,cash,success,2046.76,,0
901097,500862,2026-03-03 01:00:00,card,success,1491.47,,0
901098,500863,2026-03-27 01:00:00,card,success,406.07,,0
901099,500863,2026-03-28 00:00:00,refund,refunded,-40.61,,0
901100,500864,2026-03-03 01:00:00,cash,success,2612.4,,0
901101,500865,2026-03-23 01:00:00,cash,success,1283.25,,0
901102,500867,2026-03-15 01:00:00,card,success,1168.75,,0
901103,500868,2026-02-15 01:00:00,card,failed,0.0,,0
901104,500868,2026-02-15 02:00:00,card,success,2117.63,,0
901105,500870,2026-04-05 01:00:00,cash,success,1428.88,,0
901106,500871,2026-04-04 01:00:00,installment,success,1667.01,,0
901107,500871,2026-04-11 00:00:00,installment,success,1610.3,,0
901108,500872,2026-01-03 01:00:00,loyalty_card,success,4772.02,,0
901109,500873,2026-04-04 01:00:00,card,success,1271.65,,0
901110,500874,2026-01-06 01:00:00,installment,success,837.68,,0
901111,500874,2026-01-13 00:00:00,installment,pending,0.0,,0
901112,500875,2026-04-03 01:00:00,card,success,2218.6,,0
901113,500875,2026-04-04 00:00:00,refund,refunded,-2218.6,,0
901114,500876,2026-01-08 01:00:00,card,success,749.79,,0
901115,500877,2026-02-13 01:00:00,cash,success,3566.03,,0
901116,500878,2026-04-19 01:00:00,card,failed,0.0,,0
901117,500879,2026-04-17 01:00:00,card,failed,0.0,,0
901118,500879,2026-04-17 02:00:00,card,success,2357.54,,0
901119,500880,2026-04-18 01:00:00,card,success,5690.69,,0
901120,500883,2026-04-22 01:00:00,installment,success,40.99,,0
901121,500883,2026-04-29 00:00:00,installment,success,56.05,,0
901122,500884,2026-03-16 01:00:00,cash,success,127.99,,0
901123,500885,2026-03-18 01:00:00,cash,success,2132.86,,0
901124,500886,2026-02-19 01:00:00,cash,success,6443.79,,0
901125,500887,2026-01-11 01:00:00,installment,success,13.25,,0
901126,500887,2026-01-18 00:00:00,installment,success,8.0,,0
901127,500888,2026-04-05 01:00:00,card,success,3684.38,,0
901128,500889,2026-01-28 01:00:00,card,success,2320.14,,0
901129,500890,2026-04-18 01:00:00,card,failed,0.0,,0
901130,500890,2026-04-18 02:00:00,card,success,403.8,,0
901131,500891,2026-03-11 01:00:00,cash,success,1248.48,,0
901132,500892,2026-02-10 01:00:00,card,failed,0.0,,0
901133,500892,2026-02-10 02:00:00,card,success,7133.14,,0
901134,500893,2026-01-16 01:00:00,card,failed,0.0,,0
901135,500893,2026-01-16 02:00:00,card,success,4307.32,,0
901136,500894,2026-03-09 01:00:00,loyalty_card,success,1087.56,,0
901137,500895,2026-04-09 01:00:00,card,success,95.34,,0
901138,500896,2026-02-17 01:00:00,card,success,5951.03,,0
901139,500896,2026-02-18 00:00:00,refund,refunded,-2975.52,,0
901140,500897,2026-02-25 01:00:00,cash,success,5814.2,,0
901141,500898,2026-03-05 01:00:00,card,failed,0.0,,0
901142,500898,2026-03-05 02:00:00,card,success,4036.74,,0
901143,500899,2026-02-28 01:00:00,installment,success,2734.35,,0
901144,500899,2026-03-07 00:00:00,installment,success,2106.5,,0
901145,500900,2026-03-31 01:00:00,card,failed,0.0,,0
901146,500900,2026-03-31 02:00:00,card,success,756.9,,0
901147,500902,2026-03-17 01:00:00,card,success,1241.7,,0
901148,500903,2026-01-11 01:00:00,card,failed,0.0,,0
901149,500903,2026-01-11 02:00:00,card,success,3400.66,,0
901150,500904,2026-04-11 01:00:00,card,success,416.88,,0
901151,500905,2026-03-30 01:00:00,card,failed,0.0,,0
901152,500905,2026-03-30 02:00:00,card,success,1553.2,,0
901153,500906,2026-01-18 01:00:00,card,success,2771.76,,0
901154,500906,2026-01-19 00:00:00,refund,refunded,-277.18,,0
901155,500907,2026-01-19 01:00:00,cash,success,474.95,,0
901156,500908,2026-03-28 01:00:00,card,failed,0.0,,0
901157,500909,2026-02-24 01:00:00,card,success,2238.8,,0
901158,500909,2026-02-25 00:00:00,refund,refunded,-1119.4,,0
901159,500910,2026-04-12 01:00:00,loyalty_card,success,2240.95,C70043,20
901160,500911,2026-04-28 01:00:00,card,failed,0.0,,0
901161,500912,2026-03-23 01:00:00,card,success,4061.38,,0
901162,500913,2026-01-26 01:00:00,loyalty_card,success,1720.21,,0
901163,500915,2026-01-04 01:00:00,card,failed,0.0,,0
901164,500915,2026-01-04 02:00:00,card,success,5392.87,,0
901165,500916,2026-04-18 01:00:00,card,failed,0.0,,0
901166,500916,2026-04-18 02:00:00,card,success,1609.06,,0
901167,500917,2026-04-25 01:00:00,card,success,5614.54,,0
901168,500917,2026-04-26 00:00:00,refund,refunded,-561.45,,0
901169,500918,2026-01-29 01:00:00,installment,success,890.72,,0
901170,500918,2026-02-05 00:00:00,installment,pending,0.0,,0
901171,500919,2026-02-28 01:00:00,points,success,0.0,C70080,100
901172,500920,2026-04-08 01:00:00,card,success,3763.86,,0
901173,500921,2026-01-17 01:00:00,installment,success,338.6,,0
901174,500921,2026-01-24 00:00:00,installment,success,423.26,,0
901175,500922,2026-04-17 01:00:00,card,success,1273.45,,0
901176,500922,2026-04-18 00:00:00,refund,refunded,-1273.45,,0
901177,500923,2026-02-12 01:00:00,cash,success,2530.6,,0
901178,500924,2026-04-27 01:00:00,installment,success,323.01,,0
901179,500924,2026-05-04 00:00:00,installment,success,239.37,,0
901180,500925,2026-03-21 01:00:00,card,success,3823.87,,0
901181,500926,2026-03-07 01:00:00,cash,success,738.56,,0
901182,500927,2026-02-03 01:00:00,card,failed,0.0,,0
901183,500927,2026-02-03 02:00:00,card,success,4725.28,,0
901184,500928,2026-04-29 01:00:00,card,success,6505.73,,0
901185,500929,2026-01-08 01:00:00,card,success,2877.84,,0
901186,500930,2026-01-13 01:00:00,card,success,4689.28,,0
901187,500931,2026-04-16 01:00:00,loyalty_card,success,2804.96,,0
901188,500932,2026-01-08 01:00:00,cash,success,3392.38,,0
901189,500933,2026-04-04 01:00:00,loyalty_card,success,4553.66,C70001,0
901190,500934,2026-04-06 01:00:00,card,failed,0.0,,0
901191,500934,2026-04-06 02:00:00,card,success,461.51,,0
901192,500935,2026-04-10 01:00:00,card,success,4814.12,,0
901193,500936,2026-04-21 01:00:00,card,success,4453.71,,0
901194,500937,2026-04-04 01:00:00,installment,success,1999.9,,0
901195,500937,2026-04-11 00:00:00,installment,success,3035.56,,0
901196,500938,2026-03-06 01:00:00,card,success,2776.18,,0
901197,500939,2026-02-12 01:00:00,loyalty_card,success,2265.64,,0
901198,500940,2026-02-08 01:00:00,installment,success,2058.42,,0
901199,500940,2026-02-15 00:00:00,installment,pending,0.0,,0
901200,500942,2026-02-28 01:00:00,cash,success,1237.18,,0
901201,500943,2026-03-25 01:00:00,card,success,3590.61,,0
901202,500943,2026-03-26 00:00:00,refund,refunded,-3590.61,,0
901203,500944,2026-03-29 01:00:00,card,success,981.36,,0
901204,500945,2026-04-24 01:00:00,card,failed,0.0,,0
901205,500945,2026-04-24 02:00:00,card,success,3500.89,,0
901206,500946,2026-03-27 01:00:00,card,failed,0.0,,0
901207,500946,2026-03-27 02:00:00,card,success,4398.58,,0
901208,500947,2026-04-03 01:00:00,card,failed,0.0,,0
901209,500947,2026-04-03 02:00:00,card,success,692.81,,0
901210,500948,2026-03-27 01:00:00,card,success,1011.39,,0
901211,500948,2026-03-28 00:00:00,refund,refunded,-505.7,,0
901212,500949,2026-02-13 01:00:00,card,failed,0.0,,0
901213,500949,2026-02-13 02:00:00,card,success,649.35,,0
901214,500951,2026-02-06 01:00:00,card,success,1224.93,,0
901215,500952,2026-03-15 01:00:00,installment,success,430.73,,0
901216,500952,2026-03-22 00:00:00,installment,pending,0.0,,0
901217,500953,2026-02-05 01:00:00,card,success,715.78,,0
901218,500954,2026-04-11 01:00:00,card,success,1463.55,,0
901219,500955,2026-04-02 01:00:00,installment,success,4118.34,,0
901220,500955,2026-04-09 00:00:00,installment,success,3427.83,,0
901221,500956,2026-01-28 01:00:00,card,success,767.27,,0
901222,500957,2026-02-11 01:00:00,cash,success,1743.42,,0
901223,500958,2026-02-12 01:00:00,card,failed,0.0,,0
901224,500958,2026-02-12 02:00:00,card,success,2300.94,,0
901225,500959,2026-03-26 01:00:00,card,success,903.0,,0
901226,500960,2026-03-29 01:00:00,loyalty_card,success,1333.43,,0
901227,500961,2026-02-11 01:00:00,installment,success,674.84,,0
901228,500961,2026-02-18 00:00:00,installment,success,363.72,,0
901229,500962,2026-04-14 01:00:00,loyalty_card,success,1764.61,,0
901230,500963,2026-03-07 01:00:00,card,failed,0.0,,0
901231,500963,2026-03-07 02:00:00,card,success,3712.86,,0
901232,500964,2026-02-24 01:00:00,card,success,628.11,,0
901233,500965,2026-03-13 01:00:00,points,SUCCESS,0.0,C70149,20
901234,500966,2026-02-17 01:00:00,card,success,464.63,,0
901235,500967,2026-04-01 01:00:00,installment,success,1525.9,,0
901236,500967,2026-04-08 00:00:00,installment,success,1989.28,,0
901237,500968,2026-01-22 01:00:00,card,success,926.12,,0
901238,500969,2026-04-11 01:00:00,loyalty_card,success,4321.37,,0
901239,500970,2026-01-27 01:00:00,cash,success,4079.33,,0
901240,500971,2026-04-03 01:00:00,card,success,2385.37,,0
901241,500972,2026-03-08 01:00:00,cash,success,3176.09,,0
901242,500974,2026-01-13 01:00:00,card,success,6404.67,,0
901243,500975,2026-02-14 01:00:00,installment,success,4267.01,,0
901244,500975,2026-02-21 00:00:00,installment,success,4126.14,,0
901245,500976,2026-01-10 01:00:00,loyalty_card,success,270.61,,0
901246,500977,2026-04-10 01:00:00,card,success,3813.79,,0
901247,500978,2026-01-09 01:00:00,card,success,2274.63,,0
901248,500979,2026-02-23 01:00:00,card,failed,0.0,,0
901249,500979,2026-02-23 02:00:00,card,success,1100.87,,0
901250,500980,2026-04-30 01:00:00,cash,success,4064.56,,0
901251,500981,2026-04-29 01:00:00,card,failed,0.0,,0
901252,500981,2026-04-29 02:00:00,card,success,670.51,,0
901253,500982,2026-01-27 01:00:00,card,success,6524.0,,0
901254,500983,2026-02-03 01:00:00,cash,success,105.94,,0
901255,500984,2026-04-25 01:00:00,loyalty_card,success,415.48,C70055,0
901256,500985,2026-01-01 01:00:00,card,success,752.1,,0
901257,500986,2026-02-01 01:00:00,card,success,399.99,,0
901258,500986,2026-02-02 00:00:00,refund,refunded,-40.0,,0
901259,500987,2026-03-30 01:00:00,cash,success,398.88,,0
901260,500988,2026-04-03 01:00:00,loyalty_card,success,1866.8,,0
901261,500990,2026-04-23 01:00:00,card,success,2154.1,,0
901262,500991,2026-03-08 01:00:00,installment,success,1261.64,,0
901263,500991,2026-03-15 00:00:00,installment,pending,0.0,,0
901264,500992,2026-03-25 01:00:00,card,success,2935.37,,0
901265,500993,2026-01-20 01:00:00,card,failed,0.0,,0
901266,500993,2026-01-20 02:00:00,card,success,1280.65,,0
901267,500994,2026-04-27 01:00:00,installment,success,31.81,,0
901268,500994,2026-05-04 00:00:00,installment,pending,0.0,,0
901269,500995,2026-04-04 01:00:00,card,failed,0.0,,0
901270,500995,2026-04-04 02:00:00,card,success,409.11,,0
901271,500996,2026-02-04 01:00:00,installment,success,552.99,,0
901272,500996,2026-02-11 00:00:00,installment,success,760.58,,0
901273,500997,2026-04-09 01:00:00,card,success,5399.96,,0
901274,500998,2026-04-23 01:00:00,card,success,2556.2,,0
901275,500999,2026-04-13 01:00:00,card,success,1646.79,,0
901276,501000,2026-04-01 01:00:00,installment,success,309.2,,0
901277,501000,2026-04-08 00:00:00,installment,pending,0.0,,0
901278,501001,2026-03-31 01:00:00,cash,success,4784.21,,0
901279,501002,2026-03-19 01:00:00,card,success,1521.45,,0
901280,501003,2026-01-17 01:00:00,card,failed,0.0,,0
901281,501003,2026-01-17 02:00:00,card,success,3659.12,,0
901282,501004,2026-01-18 01:00:00,card,failed,0.0,,0
901283,501004,2026-01-18 02:00:00,card,success,3297.26,,0
901284,501005,2026-02-14 01:00:00,card,failed,0.0,,0
901285,501005,2026-02-14 02:00:00,card,success,6274.0,,0
901286,501006,2026-04-26 01:00:00,card,success,1524.52,,0
901287,501006,2026-04-27 00:00:00,refund,refunded,-762.26,,0
901288,501007,2026-04-03 01:00:00,loyalty_card,success,4533.35,,0
901289,501008,2026-03-25 01:00:00,card,SUCCESS,4790.84,,0
901290,501008,2026-03-26 00:00:00,refund,refunded,-479.08,,0
901291,501009,2026-02-22 01:00:00,card,success,2928.01,,0
901292,501010,2026-04-01 01:00:00,loyalty_card,success,3314.96,,0
901293,501012,2026-03-09 01:00:00,card,success,954.49,,0
901294,501014,2026-04-24 01:00:00,loyalty_card,success,3331.61,,0
901295,501015,2026-01-01 01:00:00,cash,success,3839.78,,0
901296,501016,2026-02-27 01:00:00,card,success,2652.64,,0
901297,501017,2026-01-26 01:00:00,cash,success,9235.37,,0
901298,501018,2026-04-19 01:00:00,card,failed,0.0,,0
901299,501018,2026-04-19 02:00:00,card,success,2204.78,,0
901300,501019,2026-01-20 01:00:00,cash,success,1587.48,,0
901301,501020,2026-04-26 01:00:00,card,failed,0.0,,0
901302,501021,2026-03-28 01:00:00,installment,success,3505.34,,0
901303,501021,2026-04-04 00:00:00,installment,success,2771.83,,0
901304,501022,2026-01-10 01:00:00,loyalty_card,success,3530.46,C70110,5
901305,501024,2026-03-16 01:00:00,card,failed,0.0,,0
901306,501025,2026-02-10 01:00:00,loyalty_card,success,340.84,C70007,0
901307,501026,2026-04-15 01:00:00,card,success,510.98,,0
901308,501027,2026-01-05 01:00:00,loyalty_card,success,3135.74,C70105,10
901309,501028,2026-03-06 01:00:00,loyalty_card,success,2746.86,C70076,10
901310,501029,2026-01-17 01:00:00,cash,success,524.59,,0
901311,501030,2026-01-22 01:00:00,card,failed,0.0,,0
901312,501031,2026-04-08 01:00:00,installment,success,285.34,,0
901313,501031,2026-04-15 00:00:00,installment,success,364.55,,0
901314,501032,2026-04-30 01:00:00,card,success,1556.08,,0
901315,501033,2026-04-19 01:00:00,card,failed,0.0,,0
901316,501033,2026-04-19 02:00:00,card,success,1920.76,,0
901317,501034,2026-02-10 01:00:00,installment,success,83.03,,0
901318,501034,2026-02-17 00:00:00,installment,success,142.67,,0
901319,501035,2026-04-03 01:00:00,card,success,1425.56,,0
901320,501036,2026-03-09 01:00:00,cash,success,409.8,,0
901321,501037,2026-03-10 01:00:00,card,success,3932.21,,0
901322,501037,2026-03-11 00:00:00,refund,refunded,-983.05,,0
901323,501038,2026-01-11 01:00:00,loyalty_card,success,4962.06,,0
901324,501039,2026-02-25 01:00:00,loyalty_card,success,7297.01,C70025,5
901325,501040,2026-02-20 01:00:00,card,failed,0.0,,0
901326,501041,2026-01-21 01:00:00,cash,success,551.84,,0
901327,501042,2026-04-09 01:00:00,installment,success,371.38,,0
901328,501042,2026-04-16 00:00:00,installment,success,341.74,,0
901329,501045,2026-04-25 01:00:00,card,success,791.86,,0
901330,501045,2026-04-26 00:00:00,refund,refunded,-395.93,,0
901331,501046,2026-01-19 01:00:00,installment,success,2074.5,,0
901332,501046,2026-01-26 00:00:00,installment,pending,0.0,,0
901333,501047,2026-04-19 01:00:00,card,success,3196.04,,0
901334,501048,2026-03-01 01:00:00,card,failed,0.0,,0
901335,501048,2026-03-01 02:00:00,card,success,9057.76,,0
901336,501049,2026-03-12 01:00:00,cash,success,977.0,,0
901337,501050,2026-02-16 01:00:00,installment,success,1085.28,,0
901338,501050,2026-02-23 00:00:00,installment,success,1567.26,,0
901339,501051,2026-04-29 01:00:00,card,success,3178.09,,0
901340,501051,2026-04-30 00:00:00,refund,refunded,-3178.09,,0
901341,501052,2026-03-12 01:00:00,card,failed,0.0,,0
901342,501052,2026-03-12 02:00:00,card,success,1633.35,,0
901343,501054,2026-02-09 01:00:00,card,success,806.91,,0
901344,501054,2026-02-10 00:00:00,refund,refunded,-80.69,,0
901345,501055,2026-01-05 01:00:00,card,success,2795.6,,0
901346,501055,2026-01-06 00:00:00,refund,refunded,-279.56,,0
901347,501056,2026-01-21 01:00:00,card,success,3082.42,,0
901348,501057,2026-03-19 01:00:00,card,success,522.31,,0
901349,501058,2026-01-04 01:00:00,installment,success,1513.47,,0
901350,501058,2026-01-11 00:00:00,installment,success,1374.15,,0
901351,501059,2026-01-23 01:00:00,cash,success,361.83,,0
901352,501060,2026-04-16 01:00:00,card,success,508.24,,0
901353,501061,2026-03-25 01:00:00,card,success,2584.24,,0
901354,501062,2026-01-15 01:00:00,card,failed,0.0,,0
901355,501062,2026-01-15 02:00:00,card,success,2340.19,,0
901356,501063,2026-04-24 01:00:00,card,failed,0.0,,0
901357,501063,2026-04-24 02:00:00,card,success,392.62,,0
901358,501064,2026-04-26 01:00:00,card,failed,0.0,,0
901359,501065,2026-04-19 01:00:00,cash,success,2891.62,,0
901360,501066,2026-04-03 01:00:00,installment,success,1737.17,,0
901361,501066,2026-04-10 00:00:00,installment,pending,0.0,,0
901362,501067,2026-01-08 01:00:00,card,success,768.08,,0
901363,501067,2026-01-09 00:00:00,refund,refunded,-384.04,,0
901364,501068,2026-02-10 01:00:00,card,failed,0.0,,0
901365,501068,2026-02-10 02:00:00,card,success,1580.53,,0
901366,501069,2026-04-22 01:00:00,installment,success,2279.13,,0
901367,501069,2026-04-29 00:00:00,installment,success,1306.43,,0
901368,501070,2026-01-19 01:00:00,card,success,4865.41,,0
901369,501072,2026-04-13 01:00:00,installment,success,1887.23,,0
901370,501072,2026-04-20 00:00:00,installment,success,2634.09,,0
901371,501073,2026-02-15 01:00:00,card,failed,0.0,,0
901372,501073,2026-02-15 02:00:00,card,success,216.04,,0
901373,501074,2026-01-28 01:00:00,installment,success,1075.29,,0
901374,501074,2026-02-04 00:00:00,installment,success,648.26,,0
901375,501075,2026-04-20 01:00:00,card,success,4288.95,,0
901376,501075,2026-04-21 00:00:00,refund,refunded,-2144.48,,0
901377,501076,2026-04-01 01:00:00,card,success,493.68,,0
901378,501077,2026-03-09 01:00:00,installment,success,474.25,,0
901379,501077,2026-03-16 00:00:00,installment,success,393.95,,0
901380,501078,2026-01-15 01:00:00,card,success,2008.04,,0
901381,501079,2026-04-09 01:00:00,points,success,0.0,C70023,50
901382,501080,2026-02-06 01:00:00,cash,success,2115.0,,0
901383,501081,2026-01-01 01:00:00,card,success,689.17,,0
901384,501082,2026-03-08 01:00:00,card,failed,0.0,,0
901385,501082,2026-03-08 02:00:00,card,success,6317.08,,0
901386,501083,2026-04-21 01:00:00,cash,success,3653.63,,0
901387,501084,2026-01-24 01:00:00,loyalty_card,success,3168.35,,0
901388,501085,2026-01-27 01:00:00,loyalty_card,success,4590.62,,0
901389,501086,2026-02-09 01:00:00,card,success,3496.36,,0
901390,501088,2026-03-02 01:00:00,installment,success,775.08,,0
901391,501088,2026-03-09 00:00:00,installment,success,1169.26,,0
901392,501089,2026-02-05 01:00:00,card,success,1035.55,,0
901393,501089,2026-02-06 00:00:00,refund,refunded,-258.89,,0
901394,501090,2026-04-08 01:00:00,card,failed,0.0,,0
901395,501090,2026-04-08 02:00:00,card,success,230.86,,0
901396,501092,2026-01-24 01:00:00,card,success,3106.87,,0
901397,501093,2026-01-24 01:00:00,card,failed,0.0,,0
901398,501093,2026-01-24 02:00:00,card,success,644.2,,0
901399,501094,2026-04-16 01:00:00,cash,success,5745.97,,0
901400,501095,2026-01-04 01:00:00,card,success,4928.9,,0
901401,501096,2026-03-08 01:00:00,cash,success,5248.36,,0
901402,501097,2026-02-03 01:00:00,card,success,3243.79,,0
901403,501098,2026-02-26 01:00:00,cash,success,299.51,,0
901404,501099,2026-02-18 01:00:00,loyalty_card,success,2639.21,C70032,0
901405,501100,2026-03-28 01:00:00,card,success,6009.37,,0
901406,501101,2026-02-22 01:00:00,card,success,1108.94,,0
901407,501102,2026-04-30 01:00:00,card,SUCCESS,3875.23,,0
901408,501103,2026-04-26 01:00:00,card,failed,0.0,,0
901409,501103,2026-04-26 02:00:00,card,success,312.81,,0
901410,501104,2026-01-23 01:00:00,loyalty_card,success,5151.31,C70031,0
901411,501105,2026-04-19 01:00:00,card,success,5619.98,,0
901412,501105,2026-04-20 00:00:00,refund,refunded,-562.0,,0
901413,501106,2026-03-10 01:00:00,cash,success,125.37,,0
901414,501107,2026-04-05 01:00:00,card,success,1870.41,,0
901415,501107,2026-04-06 00:00:00,refund,refunded,-467.6,,0
901416,501108,2026-02-22 01:00:00,points,success,0.0,C70102,100
901417,501109,2026-03-03 01:00:00,cash,success,3435.97,,0
901418,501112,2026-03-01 01:00:00,card,success,86.56,,0
901419,501113,2026-02-23 01:00:00,card,success,4537.41,,0
901420,501114,2026-03-11 01:00:00,card,success,5836.07,,0
901421,501114,2026-03-12 00:00:00,refund,refunded,-583.61,,0
901422,501115,2026-04-11 01:00:00,card,success,1682.04,,0
901423,501116,2026-02-26 01:00:00,cash,success,62.19,,0
901424,501117,2026-01-10 01:00:00,card,success,672.47,,0
901425,501118,2026-02-09 01:00:00,card,success,522.36,,0
901426,501119,2026-01-07 01:00:00,card,failed,0.0,,0
901427,501119,2026-01-07 02:00:00,card,success,2313.53,,0
901428,501120,2026-04-13 01:00:00,card,success,1987.58,,0
901429,501121,2026-02-07 01:00:00,card,success,382.12,,0
901430,501121,2026-02-08 00:00:00,refund,refunded,-95.53,,0
901431,501122,2026-03-26 01:00:00,card,success,2343.81,,0
901432,501123,2026-03-02 01:00:00,card,success,2099.11,,0
901433,501123,2026-03-03 00:00:00,refund,refunded,-524.78,,0
901434,501124,2026-03-25 01:00:00,cash,success,4730.77,,0
901435,501125,2026-01-03 01:00:00,card,failed,0.0,,0
901436,501125,2026-01-03 02:00:00,card,success,4992.42,,0
901437,501126,2026-02-20 01:00:00,card,success,54.72,,0
901438,501126,2026-02-21 00:00:00,refund,refunded,-13.68,,0
901439,501127,2026-03-27 01:00:00,card,success,4517.66,,0
901440,501128,2026-02-16 01:00:00,card,FAILED,0.0,,0
901441,501128,2026-02-16 02:00:00,card,success,2884.19,,0
901442,501129,2026-03-09 01:00:00,cash,success,4634.88,,0
901443,501130,2026-04-02 01:00:00,card,success,2392.59,,0
901444,501130,2026-04-03 00:00:00,refund,refunded,-239.26,,0
901445,501131,2026-03-17 01:00:00,card,failed,0.0,,0
901446,501132,2026-02-07 01:00:00,cash,success,2199.2,,0
901447,501133,2026-04-25 01:00:00,card,success,4343.79,,0
901448,501134,2026-02-05 01:00:00,card,success,3653.54,,0
901449,501135,2026-04-21 01:00:00,cash,success,1241.64,,0
901450,501136,2026-02-10 01:00:00,loyalty_card,success,3378.84,,0
901451,501137,2026-03-10 01:00:00,card,failed,0.0,,0
901452,501137,2026-03-10 02:00:00,card,success,3287.14,,0
901453,501138,2026-01-13 01:00:00,points,success,0.0,C70008,20
901454,501139,2026-03-28 01:00:00,installment,success,1278.69,,0
901455,501139,2026-04-04 00:00:00,installment,pending,0.0,,0
901456,501140,2026-02-27 01:00:00,card,success,4077.67,,0
901457,501140,2026-02-28 00:00:00,refund,refunded,-4077.67,,0
901458,501141,2026-02-19 01:00:00,card,failed,0.0,,0
901459,501141,2026-02-19 02:00:00,card,success,1518.93,,0
901460,501142,2026-01-30 01:00:00,card,success,1628.71,,0
901461,501143,2026-03-03 01:00:00,installment,success,763.28,,0
901462,501143,2026-03-10 00:00:00,installment,success,996.91,,0
901463,501144,2026-04-11 01:00:00,installment,success,866.57,,0
901464,501144,2026-04-18 00:00:00,installment,pending,0.0,,0
901465,501145,2026-01-25 01:00:00,card,success,1858.47,,0
901466,501145,2026-01-26 00:00:00,refund,refunded,-929.24,,0
901467,501146,2026-04-22 01:00:00,card,success,3282.09,,0
901468,501147,2026-01-27 01:00:00,card,failed,0.0,,0
901469,501147,2026-01-27 02:00:00,card,success,1466.26,,0
901470,501148,2026-02-20 01:00:00,loyalty_card,success,5193.55,C70061,0
901471,501150,2026-02-26 01:00:00,loyalty_card,success,357.06,C70160,0
901472,501152,2026-02-16 01:00:00,card,failed,0.0,,0
901473,501152,2026-02-16 02:00:00,card,success,1035.49,,0
901474,501153,2026-04-28 01:00:00,card,success,1105.85,,0
901475,501153,2026-04-29 00:00:00,refund,refunded,-1105.85,,0
901476,501154,2026-04-10 01:00:00,card,failed,0.0,,0
901477,501154,2026-04-10 02:00:00,card,success,2290.11,,0
901478,501155,2026-02-08 01:00:00,card,success,3094.38,,0
901479,501156,2026-01-16 01:00:00,card,SUCCESS,3012.8,,0
901480,501157,2026-04-30 01:00:00,cash,success,5652.07,,0
901481,501158,2026-01-22 01:00:00,card,SUCCESS,328.82,,0
901482,501158,2026-01-23 00:00:00,refund,refunded,-32.88,,0
901483,501159,2026-03-26 01:00:00,loyalty_card,success,516.4,,0
901484,501160,2026-02-23 01:00:00,card,success,1075.84,,0
901485,501160,2026-02-24 00:00:00,refund,refunded,-107.58,,0
901486,501161,2026-01-01 01:00:00,card,success,2316.03,,0
901487,501162,2026-03-13 01:00:00,card,success,593.35,,0
901488,501163,2026-04-23 01:00:00,card,success,541.4,,0
901489,501164,2026-01-16 01:00:00,card,success,1560.75,,0
901490,501165,2026-02-28 01:00:00,card,success,325.01,,0
901491,501166,2026-04-29 01:00:00,cash,success,3525.25,,0
901492,501167,2026-01-31 01:00:00,card,success,2881.79,,0
901493,501168,2026-02-11 01:00:00,cash,success,3866.09,,0
901494,501170,2026-02-01 01:00:00,card,success,1627.37,,0
901495,501171,2026-02-28 01:00:00,card,success,4960.11,,0
901496,501172,2026-02-03 01:00:00,cash,success,5196.37,,0
901497,501173,2026-01-09 01:00:00,loyalty_card,success,390.75,,0
901498,501174,2026-03-22 01:00:00,card,success,1695.47,,0
901499,501175,2026-01-11 01:00:00,card,success,2993.45,,0
901500,501175,2026-01-12 00:00:00,refund,refunded,-748.36,,0
901501,501176,2026-04-06 01:00:00,loyalty_card,success,2449.02,,0
901502,501177,2026-01-10 01:00:00,card,success,3772.39,,0
901503,501179,2026-01-17 01:00:00,loyalty_card,success,1184.37,,0
901504,501180,2026-03-09 01:00:00,cash,success,955.88,,0
901505,501181,2026-02-17 01:00:00,card,failed,0.0,,0
901506,501182,2026-02-21 01:00:00,card,success,1135.52,,0
901507,501183,2026-04-21 01:00:00,card,success,3212.57,,0
901508,501184,2026-01-25 01:00:00,card,success,5425.35,,0
901509,501185,2026-01-21 01:00:00,installment,success,583.16,,0
901510,501185,2026-01-28 00:00:00,installment,success,326.01,,0
901511,501186,2026-04-11 01:00:00,card,failed,0.0,,0
901512,501186,2026-04-11 02:00:00,card,success,1156.72,,0
901513,501187,2026-04-12 01:00:00,installment,success,136.07,,0
901514,501187,2026-04-19 00:00:00,installment,success,92.93,,0
901515,501188,2026-04-23 01:00:00,card,success,3823.92,,0
901516,501189,2026-03-06 01:00:00,card,failed,0.0,,0
901517,501189,2026-03-06 02:00:00,card,success,7844.68,,0
901518,501190,2026-03-04 01:00:00,card,success,3862.41,,0
901519,501191,2026-03-30 01:00:00,installment,success,1899.85,,0
901520,501191,2026-04-06 00:00:00,installment,success,1923.84,,0
901521,501192,2026-02-20 01:00:00,card,success,2133.3,,0
901522,501193,2026-02-05 01:00:00,loyalty_card,success,695.84,,0
901523,501194,2026-03-22 01:00:00,card,failed,0.0,,0
901524,501195,2026-04-15 01:00:00,loyalty_card,success,1140.38,C70120,5
901525,501196,2026-03-29 01:00:00,card,success,514.78,,0
901526,501197,2026-03-07 01:00:00,card,success,2175.02,,0
901527,501198,2026-04-14 01:00:00,card,failed,0.0,,0
901528,501198,2026-04-14 02:00:00,card,success,119.95,,0
901529,501199,2026-01-15 01:00:00,loyalty_card,success,4239.11,C70126,5
901530,501200,2026-04-06 01:00:00,card,success,4780.78,,0
901531,501200,2026-04-07 00:00:00,refund,refunded,-2390.39,,0
999999,999999,2026-04-01 10:00:00,card,success,123.45,,0
901296,501016,2026-02-27 01:00:00,card,success,2652.64,,0
900973,500762,2026-03-16 01:00:00,installment,success,3020.49,,0
900398,500314,2026-01-26 01:00:00,loyalty_card,success,1247.32,,0
901339,501051,2026-04-29 01:00:00,card,success,3178.09,,0
901143,500899,2026-02-28 01:00:00,installment,success,2734.35,,0
900320,500246,2026-02-01 01:00:00,card,success,2593.78,,0
900256,500198,2026-04-17 02:00:00,card,success,38.99,,0
901381,501079,2026-04-09 01:00:00,points,success,0.0,C70023,50
900614,500488,2026-02-22 01:00:00,cash,success,880.42,,0
900448,500356,2026-04-23 01:00:00,card,success,1327.83,,0
